drug_name,smiles
Saxagliptin,[H][C@@]12C[C@]1([H])N([C@@H](C2)C#N)C(=O)[C@@H](N)C12CC3CC(CC(O)(C3)C1)C2
Berotralstat,NCC1=CC(=CC=C1)N1N=C(C=C1C(=O)NC1=CC(=CC=C1F)[C@H](NCC1CC1)C1=CC=CC(=C1)C#N)C(F)(F)F
Pentosan polysulfate,O[C@@H]1CO[C@@H](O[C@@H]2CO[C@@H](O)[C@H](OS(O)(=O)=O)[C@H]2OS(O)(=O)=O)[C@H](OS(O)(=O)=O)[C@H]1OS(O)(=O)=O
Vorapaxar,[H][C@@]12C[C@]3([H])C[C@@H](CC[C@@]3([H])[C@H](\C=C\C3=CC=C(C=N3)C3=CC(F)=CC=C3)[C@]1([H])[C@@H](C)OC2=O)NC(=O)OCC
Simvastatin,[H][C@]12[C@H](C[C@@H](C)C=C1C=C[C@H](C)[C@@H]2CC[C@@H]1C[C@@H](O)CC(=O)O1)OC(=O)C(C)(C)CC
Naltrexone,[H][C@@]12OC3=C(O)C=CC4=C3[C@@]11CCN(CC3CC3)[C@]([H])(C4)[C@]1(O)CCC2=O
Promazine,CN(C)CCCN1C2=CC=CC=C2SC2=CC=CC=C12
Formoterol,COC1=CC=C(CC(C)NCC(O)C2=CC(NC=O)=C(O)C=C2)C=C1
Clofarabine,[H][C@]1(F)[C@H](O)[C@@H](CO)O[C@H]1N1C=NC2=C(N)N=C(Cl)N=C12
Deferoxamine,CC(=O)N(O)CCCCCNC(=O)CCC(=O)N(O)CCCCCNC(=O)CCC(=O)N(O)CCCCCN
Vinorelbine,[H][C@@]12N(C)C3=CC(OC)=C(C=C3[C@@]11CCN3CC=C[C@](CC)([C@@]13[H])[C@@]([H])(OC(C)=O)[C@]2(O)C(=O)OC)[C@]1(C[C@@]2([H])CN(CC(CC)=C2)CC2=C1NC1=CC=CC=C21)C(=O)OC
Entrectinib,CN1CCN(CC1)C1=CC=C(C(=O)NC2=NNC3=CC=C(CC4=CC(F)=CC(F)=C4)C=C23)C(NC2CCOCC2)=C1
Atenolol,CC(C)NCC(O)COC1=CC=C(CC(N)=O)C=C1
Pentoxifylline,CN1C=NC2=C1C(=O)N(CCCCC(C)=O)C(=O)N2C
Doxylamine,CN(C)CCOC(C)(C1=CC=CC=C1)C1=CC=CC=N1
Primidone,CCC1(C(=O)NCNC1=O)C1=CC=CC=C1
Thiethylperazine,CCSC1=CC2=C(SC3=CC=CC=C3N2CCCN2CCN(C)CC2)C=C1
Metolazone,CC1NC2=CC(Cl)=C(C=C2C(=O)N1C1=CC=CC=C1C)S(N)(=O)=O
Acetohexamide,CC(=O)C1=CC=C(C=C1)S(=O)(=O)NC(=O)NC1CCCCC1
Quinine,[H][C@]1(C[C@@H]2CC[N@]1C[C@@H]2C=C)[C@H](O)C1=CC=NC2=CC=C(OC)C=C12
Prednisone,[H][C@@]12CC[C@](O)(C(=O)CO)[C@@]1(C)CC(=O)[C@@]1([H])[C@@]2([H])CCC2=CC(=O)C=C[C@]12C
Roflumilast,FC(F)OC1=C(OCC2CC2)C=C(C=C1)C(=O)NC1=C(Cl)C=NC=C1Cl
Hydrocortisone,[H][C@@]12CC[C@](O)(C(=O)CO)[C@@]1(C)C[C@H](O)[C@@]1([H])[C@@]2([H])CCC2=CC(=O)CC[C@]12C
Disulfiram,CCN(CC)C(=S)SSC(=S)N(CC)CC
Isoniazid,NNC(=O)C1=CC=NC=C1
Sulfasalazine,OC(=O)C1=CC(=CC=C1O)\N=N\C1=CC=C(C=C1)S(=O)(=O)NC1=NC=CC=C1
Neratinib,CCOC1=C(NC(=O)\C=C\CN(C)C)C=C2C(NC3=CC=C(OCC4=CC=CC=N4)C(Cl)=C3)=C(C=NC2=C1)C#N
Triamcinolone,[H][C@@]12C[C@@H](O)[C@](O)(C(=O)CO)[C@@]1(C)C[C@H](O)[C@@]1(F)[C@@]2([H])CCC2=CC(=O)C=C[C@]12C
Lapatinib,CS(=O)(=O)CCNCC1=CC=C(O1)C1=CC2=C(C=C1)N=CN=C2NC1=CC(Cl)=C(OCC2=CC(F)=CC=C2)C=C1
Acebutolol,CCCC(=O)NC1=CC=C(OCC(O)CNC(C)C)C(=C1)C(C)=O
Epoprostenol,[H][C@]12C[C@@H](O)[C@H](\C=C\[C@@H](O)CCCCC)[C@@]1([H])C\C(O2)=C\CCCC(O)=O
Quazepam,FC1=CC=CC=C1C1=NCC(=S)N(CC(F)(F)F)C2=C1C=C(Cl)C=C2
Propranolol,CC(C)NCC(O)COC1=CC=CC2=C1C=CC=C2
Methimazole,CN1C=CNC1=S
Aluminum hydroxide,[OH-].[OH-].[OH-].[Al+3]
Docetaxel,[H][C@@]1(C[C@@]2(O)[C@@H](OC(=O)C3=CC=CC=C3)[C@]3([H])[C@@]4(CO[C@@H]4C[C@H](O)[C@@]3(C)C(=O)[C@H](O)C(=C1C)C2(C)C)OC(C)=O)OC(=O)[C@H](O)[C@@H](NC(=O)OC(C)(C)C)C1=CC=CC=C1
Ivacaftor,CC(C)(C)C1=CC(=C(O)C=C1NC(=O)C1=CNC2=CC=CC=C2C1=O)C(C)(C)C
Bromocriptine,[H][C@@]12CCCN1C(=O)[C@H](CC(C)C)N1C(=O)[C@](NC(=O)[C@H]3CN(C)[C@]4([H])CC5=C(Br)NC6=CC=CC(=C56)C4=C3)(O[C@@]21O)C(C)C
Deferasirox,OC(=O)C1=CC=C(C=C1)N1N=C(N=C1C1=CC=CC=C1O)C1=CC=CC=C1O
Warfarin,CC(=O)CC(C1=CC=CC=C1)C1=C(O)C2=C(OC1=O)C=CC=C2
Tolbutamide,CCCCNC(=O)NS(=O)(=O)C1=CC=C(C)C=C1
Tramadol,COC1=CC=CC(=C1)C1(O)CCCCC1CN(C)C
Eluxadoline,COC1=CC=C(CN([C@@H](C)C2=NC(=CN2)C2=CC=CC=C2)C(=O)[C@@H](N)CC2=C(C)C=C(C=C2C)C(N)=O)C=C1C(O)=O
Clemastine,CN1CCC[C@@H]1CCO[C@](C)(C1=CC=CC=C1)C1=CC=C(Cl)C=C1
Escitalopram,CN(C)CCC[C@]1(OCC2=C1C=CC(=C2)C#N)C1=CC=C(F)C=C1
Carboplatin,[H][N]([H])([H])[Pt]1(OC(=O)C2(CCC2)C(=O)O1)[N]([H])([H])[H]
Kanamycin,NC[C@H]1O[C@H](O[C@@H]2[C@@H](N)C[C@@H](N)[C@H](O[C@H]3O[C@H](CO)[C@@H](O)[C@H](N)[C@H]3O)[C@H]2O)[C@H](O)[C@@H](O)[C@@H]1O
Sorafenib,CNC(=O)C1=NC=CC(OC2=CC=C(NC(=O)NC3=CC(=C(Cl)C=C3)C(F)(F)F)C=C2)=C1
Lactitol,OC[C@H](O)[C@@H](O)[C@H](O[C@@H]1O[C@H](CO)[C@H](O)[C@H](O)[C@H]1O)[C@H](O)CO
Efavirenz,FC(F)(F)[C@]1(OC(=O)NC2=C1C=C(Cl)C=C2)C#CC1CC1
Flurbiprofen,CC(C(O)=O)C1=CC(F)=C(C=C1)C1=CC=CC=C1
Carbamazepine,NC(=O)N1C2=CC=CC=C2C=CC2=CC=CC=C12
Vandetanib,COC1=C(OCC2CCN(C)CC2)C=C2N=CN=C(NC3=C(F)C=C(Br)C=C3)C2=C1
Imipramine,CN(C)CCCN1C2=CC=CC=C2CCC2=CC=CC=C12
Levocetirizine,OC(=O)COCCN1CCN(CC1)[C@H](C1=CC=CC=C1)C1=CC=C(Cl)C=C1
Clarithromycin,[H][C@@]1(C[C@@](C)(OC)[C@@H](O)[C@H](C)O1)O[C@H]1[C@H](C)[C@@H](O[C@]2([H])O[C@H](C)C[C@@H]([C@H]2O)N(C)C)[C@@](C)(C[C@@H](C)C(=O)[C@H](C)[C@@H](O)[C@](C)(O)[C@@H](CC)OC(=O)[C@@H]1C)OC
Darolutamide,C[C@@H](CN1C=CC(=N1)C1=CC=C(C#N)C(Cl)=C1)NC(=O)C1=NNC(=C1)C(C)O
Linezolid,CC(=O)NC[C@H]1CN(C(=O)O1)C1=CC(F)=C(C=C1)N1CCOCC1
Chloroquine,CCN(CC)CCCC(C)NC1=CC=NC2=CC(Cl)=CC=C12
Levodopa,N[C@@H](CC1=CC(O)=C(O)C=C1)C(O)=O
Eribulin,[H][C@@]12CC(=C)[C@]([H])(CC[C@@]3([H])C[C@@H](C)C(=C)[C@@]([H])(C[C@]4([H])O[C@H](C[C@H](O)CN)[C@H](OC)[C@@]4([H])CC(=O)C[C@@]4([H])CC[C@]5([H])O[C@@]6([H])[C@H]7O[C@@]8(C[C@]7([H])O[C@@]6([H])[C@@]([H])(O8)[C@@]5([H])O4)CC1)O3)O2
Clotrimazole,ClC1=CC=CC=C1C(N1C=CN=C1)(C1=CC=CC=C1)C1=CC=CC=C1
Alfuzosin,COC1=CC2=C(C=C1OC)C(N)=NC(=N2)N(C)CCCNC(=O)C1CCCO1
Dicoumarol,OC1=C(CC2=C(O)C3=C(OC2=O)C=CC=C3)C(=O)OC2=C1C=CC=C2
Estramustine,[H][C@@]12CC[C@H](O)[C@@]1(C)CC[C@]1([H])C3=CC=C(OC(=O)N(CCCl)CCCl)C=C3CC[C@@]21[H]
Amikacin,NCC[C@H](O)C(=O)N[C@@H]1C[C@H](N)[C@@H](O[C@H]2O[C@H](CN)[C@@H](O)[C@H](O)[C@H]2O)[C@H](O)[C@H]1O[C@H]1O[C@H](CO)[C@@H](O)[C@H](N)[C@H]1O
Cisplatin,[H][N]([H])([H])[Pt](Cl)(Cl)[N]([H])([H])[H]
Doxepin,[H]C(CCN(C)C)=C1C2=CC=CC=C2COC2=CC=CC=C12
Losartan,CCCCC1=NC(Cl)=C(CO)N1CC1=CC=C(C=C1)C1=CC=CC=C1C1=NNN=N1
Acetylsalicylic acid,CC(=O)OC1=CC=CC=C1C(O)=O
Imatinib,CN1CCN(CC2=CC=C(C=C2)C(=O)NC2=CC(NC3=NC=CC(=N3)C3=CN=CC=C3)=C(C)C=C2)CC1
Delavirdine,CC(C)NC1=C(N=CC=C1)N1CCN(CC1)C(=O)C1=CC2=C(N1)C=CC(NS(C)(=O)=O)=C2
Nelfinavir,[H][C@@]12CCCC[C@]1([H])CN(C[C@@H](O)[C@H](CSC1=CC=CC=C1)NC(=O)C1=C(C)C(O)=CC=C1)[C@@H](C2)C(=O)NC(C)(C)C
Bexarotene,CC1=CC2=C(C=C1C(=C)C1=CC=C(C=C1)C(O)=O)C(C)(C)CCC2(C)C
Goserelin,CC(C)C[C@H](NC(=O)[C@@H](COC(C)(C)C)NC(=O)[C@H](CC1=CC=C(O)C=C1)NC(=O)[C@H](CO)NC(=O)[C@H](CC1=CNC2=CC=CC=C12)NC(=O)[C@H](CC1=CN=CN1)NC(=O)[C@@H]1CCC(=O)N1)C(=O)N[C@@H](CCCN=C(N)N)C(=O)N1CCC[C@H]1C(=O)NNC(N)=O
Lactulose,OC[C@H]1O[C@](O)(CO)[C@@H](O)[C@@H]1O[C@@H]1O[C@H](CO)[C@H](O)[C@H](O)[C@H]1O
Chlorpropamide,CCCNC(=O)NS(=O)(=O)C1=CC=C(Cl)C=C1
Metamfetamine,CN[C@@H](C)CC1=CC=CC=C1
Budesonide,[H][C@@]12C[C@H]3OC(CCC)O[C@@]3(C(=O)CO)[C@@]1(C)C[C@H](O)[C@@]1([H])[C@@]2([H])CCC2=CC(=O)C=C[C@]12C
Cetirizine,OC(=O)COCCN1CCN(CC1)C(C1=CC=CC=C1)C1=CC=C(Cl)C=C1
Oxazepam,OC1N=C(C2=CC=CC=C2)C2=C(NC1=O)C=CC(Cl)=C2
Prochlorperazine,CN1CCN(CCCN2C3=CC=CC=C3SC3=C2C=C(Cl)C=C3)CC1
Trichlormethiazide,NS(=O)(=O)C1=C(Cl)C=C2NC(NS(=O)(=O)C2=C1)C(Cl)Cl
Indacaterol,CCC1=C(CC)C=C2CC(CC2=C1)NC[C@H](O)C1=C2C=CC(=O)NC2=C(O)C=C1
Donepezil,COC1=C(OC)C=C2C(=O)C(CC3CCN(CC4=CC=CC=C4)CC3)CC2=C1
Ranitidine,CNC(NCCSCC1=CC=C(CN(C)C)O1)=C[N+]([O-])=O
Nabilone,[H][C@@]12CC(=O)CC[C@@]1([H])C(C)(C)OC1=CC(=CC(O)=C21)C(C)(C)CCCCCC
Sitagliptin,N[C@@H](CC(=O)N1CCN2C(C1)=NN=C2C(F)(F)F)CC1=CC(F)=C(F)C=C1F
Brigatinib,COC1=CC(=CC=C1NC1=NC=C(Cl)C(NC2=CC=CC=C2P(C)(C)=O)=N1)N1CCC(CC1)N1CCN(C)CC1
Methylprednisolone,[H][C@@]12CC[C@](O)(C(=O)CO)[C@@]1(C)C[C@H](O)[C@@]1([H])[C@@]2([H])C[C@H](C)C2=CC(=O)C=C[C@]12C
Dabrafenib,CC(C)(C)C1=NC(=C(S1)C1=NC(N)=NC=C1)C1=C(F)C(NS(=O)(=O)C2=C(F)C=CC=C2F)=CC=C1
Grazoprevir,COC1=CC2=NC3=C(CCCCC[C@@H]4C[C@H]4OC(=O)N[C@H](C(=O)N4C[C@@H](C[C@H]4C(=O)N[C@@]4(C[C@H]4C=C)C(=O)NS(=O)(=O)C4CC4)O3)C(C)(C)C)N=C2C=C1
Perphenazine,OCCN1CCN(CCCN2C3=CC=CC=C3SC3=C2C=C(Cl)C=C3)CC1
Magnesium citrate,[Mg++].[Mg++].[Mg++].OC(CC([O-])=O)(CC([O-])=O)C([O-])=O.OC(CC([O-])=O)(CC([O-])=O)C([O-])=O
Tipranavir,[H][C@@](CC)(C1=CC(NS(=O)(=O)C2=NC=C(C=C2)C(F)(F)F)=CC=C1)C1=C(O)C[C@@](CCC)(CCC2=CC=CC=C2)OC1=O
Magnesium oxide,[O--].[Mg++]
Sirolimus,[H][C@@]1(C[C@@H](C)[C@]2([H])CC(=O)[C@H](C)\C=C(C)\[C@@H](O)[C@@H](OC)C(=O)[C@H](C)C[C@H](C)\C=C\C=C\C=C(C)\[C@H](C[C@]3([H])CC[C@@H](C)[C@@](O)(O3)C(=O)C(=O)N3CCCC[C@@]3([H])C(=O)O2)OC)CC[C@@H](O)[C@@H](C1)OC
Lasmiditan,CN1CCC(CC1)C(=O)C1=CC=CC(NC(=O)C2=C(F)C=C(F)C=C2F)=N1
Fludrocortisone,[H][C@@]12CC[C@](O)(C(=O)CO)[C@@]1(C)C[C@H](O)[C@@]1(F)[C@@]2([H])CCC2=CC(=O)CC[C@]12C
Monomethyl fumarate,COC(=O)\C=C\C(O)=O
Everolimus,[H][C@@]1(C[C@@H](C)[C@]2([H])CC(=O)[C@H](C)\C=C(C)\[C@@H](O)[C@@H](OC)C(=O)[C@H](C)C[C@H](C)\C=C\C=C\C=C(C)\[C@H](C[C@]3([H])CC[C@@H](C)[C@@](O)(O3)C(=O)C(=O)N3CCCC[C@@]3([H])C(=O)O2)OC)CC[C@@H](OCCO)[C@@H](C1)OC
Nilotinib,CC1=CN(C=N1)C1=CC(NC(=O)C2=CC=C(C)C(NC3=NC=CC(=N3)C3=CN=CC=C3)=C2)=CC(=C1)C(F)(F)F
Oxybutynin,CCN(CC)CC#CCOC(=O)C(O)(C1CCCCC1)C1=CC=CC=C1
Amiloride,NC(=N)NC(=O)C1=NC(Cl)=C(N)N=C1N
Mepyramine,COC1=CC=C(CN(CCN(C)C)C2=NC=CC=C2)C=C1
Lurbinectedin,[H][C@@]12[C@@H]3SC[C@]4(NCCC5=C4NC4=CC=C(OC)C=C54)C(=O)OC[C@H](N1[C@@H](O)[C@@H]1CC4=CC(C)=C(OC)C(O)=C4[C@@]2([H])N1C)C1=C2OCOC2=C(C)C(OC(C)=O)=C31
Glipizide,CC1=NC=C(N=C1)C(=O)NCCC1=CC=C(C=C1)S(=O)(=O)NC(=O)NC1CCCCC1
Deserpidine,[H][C@]12C[C@@H](OC(=O)C3=CC(OC)=C(OC)C(OC)=C3)[C@H](OC)[C@@H](C(=O)OC)[C@@]1([H])C[C@@]1([H])N(CCC3=C1NC1=CC=CC=C31)C2
Eszopiclone,CN1CCN(CC1)C(=O)O[C@@H]1N(C(=O)C2=NC=CN=C12)C1=NC=C(Cl)C=C1
Ivosidenib,[H][C@@](N(C(=O)[C@]1([H])CCC(=O)N1C1=NC=CC(=C1)C#N)C1=CC(F)=CN=C1)(C(=O)NC1CC(F)(F)C1)C1=C(Cl)C=CC=C1
Mesalazine,NC1=CC(C(O)=O)=C(O)C=C1
Chloramphenicol,OC[C@@H](NC(=O)C(Cl)Cl)[C@H](O)C1=CC=C(C=C1)[N+]([O-])=O
Fosphenytoin,OP(O)(=O)OCN1C(=O)NC(C1=O)(C1=CC=CC=C1)C1=CC=CC=C1
Promethazine,CC(CN1C2=CC=CC=C2SC2=CC=CC=C12)N(C)C
Chlorcyclizine,CN1CCN(CC1)C(C1=CC=CC=C1)C1=CC=C(Cl)C=C1
Ceritinib,CC(C)OC1=C(NC2=NC(NC3=CC=CC=C3S(=O)(=O)C(C)C)=C(Cl)C=N2)C=C(C)C(=C1)C1CCNCC1
Remdesivir,CCC(CC)COC(=O)[C@H](C)N[P@](=O)(OC[C@H]1O[C@](C#N)([C@H](O)[C@@H]1O)C1=CC=C2N1N=CN=C2N)OC1=CC=CC=C1
Megestrol acetate,[H][C@@]12CC[C@](OC(C)=O)(C(C)=O)[C@@]1(C)CC[C@@]1([H])[C@@]2([H])C=C(C)C2=CC(=O)CC[C@]12C
Linagliptin,CC#CCN1C(=NC2=C1C(=O)N(CC1=NC3=C(C=CC=C3)C(C)=N1)C(=O)N2C)N1CCC[C@@H](N)C1
Terfenadine,CC(C)(C)C1=CC=C(C=C1)C(O)CCCN1CCC(CC1)C(O)(C1=CC=CC=C1)C1=CC=CC=C1
Propofol,CC(C)C1=CC=CC(C(C)C)=C1O
Erythromycin,CC[C@H]1OC(=O)[C@H](C)[C@@H](O[C@H]2C[C@@](C)(OC)[C@@H](O)[C@H](C)O2)[C@H](C)[C@@H](O[C@@H]2O[C@H](C)C[C@@H]([C@H]2O)N(C)C)[C@](C)(O)C[C@@H](C)C(=O)[C@H](C)[C@@H](O)[C@]1(C)O
Dexamethasone,[H][C@@]12C[C@@H](C)[C@](O)(C(=O)CO)[C@@]1(C)C[C@H](O)[C@@]1(F)[C@@]2([H])CCC2=CC(=O)C=C[C@]12C
Lanthanum carbonate,[La+3].[La+3].[O-]C([O-])=O.[O-]C([O-])=O.[O-]C([O-])=O
Clozapine,CN1CCN(CC1)C1=NC2=CC(Cl)=CC=C2NC2=CC=CC=C12
Methdilazine,CN1CCC(CN2C3=CC=CC=C3SC3=CC=CC=C23)C1
Dronabinol,[H][C@@]12C=C(C)CC[C@@]1([H])C(C)(C)OC1=C2C(O)=CC(CCCCC)=C1
Lumateperone,[H][C@]12CCN(CCCC(=O)C3=CC=C(F)C=C3)C[C@@]1([H])C1=CC=CC3=C1N2CCN3C
Hyoscyamine,CN1[C@H]2CC[C@@H]1C[C@@H](C2)OC(=O)[C@H](CO)C1=CC=CC=C1
Asenapine,CN1CC2C(C1)C1=C(OC3=CC=C(Cl)C=C23)C=CC=C1
Albendazole,CCCSC1=CC2=C(C=C1)N=C(NC(=O)OC)N2
Bosentan,COC1=CC=CC=C1OC1=C(NS(=O)(=O)C2=CC=C(C=C2)C(C)(C)C)N=C(N=C1OCCO)C1=NC=CC=N1
Scopolamine,CN1[C@H]2C[C@@H](C[C@@H]1[C@H]1O[C@@H]21)OC(=O)[C@H](CO)C1=CC=CC=C1
Esomeprazole,COC1=CC2=C(NC(=N2)[S@@](=O)CC2=NC=C(C)C(OC)=C2C)C=C1
Duvelisib,C[C@H](NC1=C2N=CNC2=NC=N1)C1=CC2=CC=CC(Cl)=C2C(=O)N1C1=CC=CC=C1
Dihydrocodeine,[H][C@@]12OC3=C4C(C[C@H]5N(C)CC[C@@]14[C@@]5([H])CC[C@@H]2O)=CC=C3OC
Picosulfuric acid,OS(=O)(=O)OC1=CC=C(C=C1)C(C1=CC=C(OS(O)(=O)=O)C=C1)C1=CC=CC=N1
Tioguanine,NC1=NC(=S)C2=C(N1)N=CN2
Oxaprozin,OC(=O)CCC1=NC(=C(O1)C1=CC=CC=C1)C1=CC=CC=C1
Bupropion,CC(NC(C)(C)C)C(=O)C1=CC(Cl)=CC=C1
Phentolamine,CC1=CC=C(C=C1)N(CC1=NCCN1)C1=CC(O)=CC=C1
Valsartan,CCCCC(=O)N(CC1=CC=C(C=C1)C1=CC=CC=C1C1=NNN=N1)[C@@H](C(C)C)C(O)=O
Miglitol,OCCN1C[C@H](O)[C@@H](O)[C@H](O)[C@H]1CO
Cyclosporine,CC[C@@H]1NC(=O)[C@H]([C@H](O)[C@H](C)C\C=C\C)N(C)C(=O)[C@H](C(C)C)N(C)C(=O)[C@H](CC(C)C)N(C)C(=O)[C@H](CC(C)C)N(C)C(=O)[C@@H](C)NC(=O)[C@H](C)NC(=O)[C@H](CC(C)C)N(C)C(=O)[C@@H](NC(=O)[C@H](CC(C)C)N(C)C(=O)CN(C)C1=O)C(C)C
Bedaquiline,COC1=NC2=C(C=C(Br)C=C2)C=C1[C@@H](C1=CC=CC=C1)[C@@](O)(CCN(C)C)C1=CC=CC2=C1C=CC=C2
Trimethadione,CN1C(=O)OC(C)(C)C1=O
Codeine,[H][C@]12C=C[C@H](O)[C@@H]3OC4=C5C(C[C@H]1N(C)CC[C@@]235)=CC=C4OC
Isosorbide mononitrate,[H][C@]12OC[C@@H](O[N+]([O-])=O)[C@@]1([H])OC[C@@H]2O
Quetiapine,OCCOCCN1CCN(CC1)C1=NC2=CC=CC=C2SC2=CC=CC=C12
Buprenorphine,CO[C@]12CC[C@@]3(C[C@@H]1[C@](C)(O)C(C)(C)C)[C@H]1CC4=C5C(O[C@@H]2[C@@]35CCN1CC1CC1)=C(O)C=C4
Pirbuterol,CC(C)(C)NCC(O)C1=NC(CO)=C(O)C=C1
Alimemazine,CC(CN(C)C)CN1C2=CC=CC=C2SC2=CC=CC=C12
Valganciclovir,CC(C)[C@H](N)C(=O)OCC(CO)OCN1C=NC2=C1NC(N)=NC2=O
Ibrutinib,NC1=NC=NC2=C1C(=NN2[C@@H]1CCCN(C1)C(=O)C=C)C1=CC=C(OC2=CC=CC=C2)C=C1
Lomefloxacin,CCN1C=C(C(O)=O)C(=O)C2=CC(F)=C(N3CCNC(C)C3)C(F)=C12
Glasdegib,CN1CC[C@H](C[C@@H]1C1=NC2=CC=CC=C2N1)NC(=O)NC1=CC=C(C=C1)C#N
Ethinylestradiol,[H][C@@]12CC[C@@](O)(C#C)[C@@]1(C)CC[C@]1([H])C3=C(CC[C@@]21[H])C=C(O)C=C3
Tetracycline,[H][C@@]12C[C@@]3([H])C(=C(O)[C@]1(O)C(=O)C(C(N)=O)=C(O)[C@H]2N(C)C)C(=O)C1=C(O)C=CC=C1[C@@]3(C)O
Oxtriphylline,C[N+](C)(C)CCO.CN1C2=C([N-]C=N2)C(=O)N(C)C1=O
Amphotericin B,[H][C@]12C[C@@H](O[C@@H]3O[C@H](C)[C@@H](O)[C@H](N)[C@@H]3O)\C=C\C=C\C=C\C=C\C=C\C=C\C=C\[C@H](C)[C@@H](O)[C@@H](C)[C@H](C)OC(=O)C[C@H](O)C[C@H](O)CC[C@@H](O)[C@H](O)C[C@H](O)C[C@](O)(C[C@H](O)[C@H]1C(O)=O)O2
Fostamatinib,COC1=CC(NC2=NC=C(F)C(NC3=NC4=C(OC(C)(C)C(=O)N4COP(O)(O)=O)C=C3)=N2)=CC(OC)=C1OC
Ethanol,CCO
Ertugliflozin,CCOC1=CC=C(CC2=CC(=CC=C2Cl)[C@]23OC[C@](CO)(O2)[C@@H](O)[C@H](O)[C@H]3O)C=C1
Apremilast,CCOC1=CC(=CC=C1OC)[C@@H](CS(C)(=O)=O)N1C(=O)C2=CC=CC(NC(C)=O)=C2C1=O
Gatifloxacin,COC1=C2N(C=C(C(O)=O)C(=O)C2=CC(F)=C1N1CCNC(C)C1)C1CC1
Attapulgite,[O--].[O--].[O--].[O--].[O--].[O--].[O--].[O--].[O--].[O--].[Mg++].[Al+3].[Si+4].[Si+4].[Si+4].[Si+4].[O-][H].[H]O[H].[H]O[H].[H]O[H].[H]O[H]
Zafirlukast,COC1=CC(=CC=C1CC1=CN(C)C2=C1C=C(NC(=O)OC1CCCC1)C=C2)C(=O)NS(=O)(=O)C1=CC=CC=C1C
Metronidazole,CC1=NC=C(N1CCO)[N+]([O-])=O
Sevoflurane,FCOC(C(F)(F)F)C(F)(F)F
Magnesium hydroxide,[OH-].[OH-].[Mg++]
Niraparib,NC(=O)C1=CC=CC2=CN(N=C12)C1=CC=C(C=C1)[C@@H]1CCCNC1
Sarecycline,[H][C@@]12CC3=C(CN(C)OC)C=CC(O)=C3C(=O)C1=C(O)[C@]1(O)C(=O)C(C(N)=O)=C(O)[C@@H](N(C)C)[C@]1([H])C2
Azatadine,CN1CCC(CC1)=C1C2=CC=CC=C2CCC2=C1N=CC=C2
Cholecalciferol,CC(C)CCC[C@@H](C)[C@@]1([H])CC[C@@]2([H])\C(CCC[C@]12C)=C\C=C1\C[C@@H](O)CCC1=C
Methylphenobarbital,CCC1(C(=O)NC(=O)N(C)C1=O)C1=CC=CC=C1
Niacin,OC(=O)C1=CN=CC=C1
Levonorgestrel,[H][C@@]12CC[C@@](O)(C#C)[C@@]1(CC)CC[C@]1([H])[C@@]3([H])CCC(=O)C=C3CC[C@@]21[H]
Beclomethasone dipropionate,[H][C@@]12C[C@H](C)[C@](OC(=O)CC)(C(=O)COC(=O)CC)[C@@]1(C)C[C@H](O)[C@@]1(Cl)[C@@]2([H])CCC2=CC(=O)C=C[C@]12C
Hydrochlorothiazide,NS(=O)(=O)C1=C(Cl)C=C2NCNS(=O)(=O)C2=C1
Didanosine,OC[C@@H]1CC[C@@H](O1)N1C=NC2=C1NC=NC2=O
Ixazomib,CC(C)C[C@H](NC(=O)CNC(=O)C1=CC(Cl)=CC=C1Cl)B(O)O
Betamethasone,[H][C@@]12C[C@H](C)[C@](O)(C(=O)CO)[C@@]1(C)C[C@H](O)[C@@]1(F)[C@@]2([H])CCC2=CC(=O)C=C[C@]12C
Zidovudine,CC1=CN([C@H]2C[C@H](N=[N+]=[N-])[C@@H](CO)O2)C(=O)NC1=O
Voriconazole,C[C@@H](C1=NC=NC=C1F)[C@](O)(CN1C=NC=N1)C1=C(F)C=C(F)C=C1
Prednisolone,[H][C@@]12CC[C@](O)(C(=O)CO)[C@@]1(C)C[C@H](O)[C@@]1([H])[C@@]2([H])CCC2=CC(=O)C=C[C@]12C
Disopyramide,CC(C)N(CCC(C(N)=O)(C1=CC=CC=C1)C1=NC=CC=C1)C(C)C
Vilanterol,OCC1=C(O)C=CC(=C1)[C@@H](O)CNCCCCCCOCCOCC1=C(Cl)C=CC=C1Cl
Nisoldipine,COC(=O)C1=C(C)NC(C)=C(C1C1=CC=CC=C1[N+]([O-])=O)C(=O)OCC(C)C
Magnesium sulfate,[Mg++].[O-]S([O-])(=O)=O
Phenylpropanolamine,CC(N)C(O)C1=CC=CC=C1
Clopidogrel,[H][C@@](N1CCC2=C(C1)C=CS2)(C(=O)OC)C1=CC=CC=C1Cl
Selexipag,CC(C)N(CCCCOCC(=O)NS(C)(=O)=O)C1=NC(C2=CC=CC=C2)=C(N=C1)C1=CC=CC=C1
Gabapentin,NCC1(CC(O)=O)CCCCC1
Carisoprodol,CCCC(C)(COC(N)=O)COC(=O)NC(C)C
Chlorpheniramine,CN(C)CCC(C1=CC=C(Cl)C=C1)C1=CC=CC=N1
Lansoprazole,CC1=C(OCC(F)(F)F)C=CN=C1CS(=O)C1=NC2=CC=CC=C2N1
Thiopental,CCCC(C)C1(CC)C(=O)NC(=S)NC1=O
Cobimetinib,OC1(CN(C1)C(=O)C1=C(NC2=C(F)C=C(I)C=C2)C(F)=C(F)C=C1)[C@@H]1CCCCN1
Liothyronine,N[C@@H](CC1=CC(I)=C(OC2=CC(I)=C(O)C=C2)C(I)=C1)C(O)=O
Rosiglitazone,CN(CCOC1=CC=C(CC2SC(=O)NC2=O)C=C1)C1=CC=CC=N1
Ethotoin,CCN1C(=O)NC(C1=O)C1=CC=CC=C1
Triprolidine,CC1=CC=C(C=C1)C(=C/CN1CCCC1)\C1=CC=CC=N1
Aripiprazole,ClC1=CC=CC(N2CCN(CCCCOC3=CC4=C(CCC(=O)N4)C=C3)CC2)=C1Cl
Desmopressin,NC(=O)CC[C@@H]1NC(=O)[C@H](CC2=CC=CC=C2)NC(=O)[C@H](CC2=CC=C(O)C=C2)NC(=O)CCSSC[C@H](NC(=O)[C@H](CC(N)=O)NC1=O)C(=O)N1CCC[C@H]1C(=O)N[C@H](CCCNC(N)=N)C(=O)NCC(N)=O
Fluconazole,OC(CN1C=NC=N1)(CN1C=NC=N1)C1=C(F)C=C(F)C=C1
Clobazam,CN1C2=C(C=C(Cl)C=C2)N(C2=CC=CC=C2)C(=O)CC1=O
Glyburide,COC1=C(C=C(Cl)C=C1)C(=O)NCCC1=CC=C(C=C1)S(=O)(=O)NC(=O)NC1CCCCC1
Chlorambucil,OC(=O)CCCC1=CC=C(C=C1)N(CCCl)CCCl
Fludarabine,NC1=NC(F)=NC2=C1N=CN2[C@@H]1O[C@H](CO)[C@@H](O)[C@@H]1O
Icosapent,CC\C=C/C\C=C/C\C=C/C\C=C/C\C=C/CCCC(O)=O
Prasugrel,CC(=O)OC1=CC2=C(CCN(C2)C(C(=O)C2CC2)C2=CC=CC=C2F)S1
Lovastatin,[H][C@]12[C@H](C[C@@H](C)C=C1C=C[C@H](C)[C@@H]2CC[C@@H]1C[C@@H](O)CC(=O)O1)OC(=O)[C@@H](C)CC
Mitoxantrone,OCCNCCNC1=CC=C(NCCNCCO)C2=C1C(=O)C1=C(C(O)=CC=C1O)C2=O
Nitazoxanide,CC(=O)OC1=CC=CC=C1C(=O)NC1=NC=C(S1)[N+]([O-])=O
Olanzapine,CN1CCN(CC1)C1=NC2=CC=CC=C2NC2=C1C=C(C)S2
Empagliflozin,OC[C@H]1O[C@H]([C@H](O)[C@@H](O)[C@@H]1O)C1=CC=C(Cl)C(CC2=CC=C(O[C@H]3CCOC3)C=C2)=C1
Oxaliplatin,[H][N]1([H])[C@@H]2CCCC[C@H]2[N]([H])([H])[Pt]11OC(=O)C(=O)O1
Etodolac,CCC1=C2NC3=C(CCOC3(CC)CC(O)=O)C2=CC=C1
Tamoxifen,CC\C(=C(/C1=CC=CC=C1)C1=CC=C(OCCN(C)C)C=C1)C1=CC=CC=C1
Alpelisib,CC1=C(SC(NC(=O)N2CCC[C@H]2C(N)=O)=N1)C1=CC(=NC=C1)C(C)(C)C(F)(F)F
Tinidazole,CCS(=O)(=O)CCN1C(C)=NC=C1[N+]([O-])=O
Crizotinib,[H][C@](C)(OC1=CC(=CN=C1N)C1=CN(N=C1)C1CCNCC1)C1=C(Cl)C=CC(F)=C1Cl
Canagliflozin,[H][C@]1(O[C@H](CO)[C@@H](O)[C@H](O)[C@H]1O)C1=CC=C(C)C(CC2=CC=C(S2)C2=CC=C(F)C=C2)=C1
Chromium picolinate,[Cr+3].[O-]C(=O)C1=NC=CC=C1.[O-]C(=O)C1=NC=CC=C1.[O-]C(=O)C1=NC=CC=C1
Ciprofloxacin,OC(=O)C1=CN(C2CC2)C2=CC(N3CCNCC3)=C(F)C=C2C1=O
Kaolin,O.O.[Al+3].[Al+3].[O-][Si]([O-])([O-])O[Si]([O-])([O-])[O-]
Ipratropium,[H][C@]12CC[C@]([H])(C[C@@H](C1)OC(=O)C(CO)C1=CC=CC=C1)[N+]2(C)C(C)C
Amoxapine,ClC1=CC2=C(OC3=CC=CC=C3N=C2N2CCNCC2)C=C1
Perindopril,[H][C@]12C[C@H](N(C(=O)[C@H](C)N[C@@H](CCC)C(=O)OCC)[C@@]1([H])CCCC2)C(O)=O
Trabectedin,[H][C@@]12[C@@H]3SC[C@]4(NCCC5=C4C=C(OC)C(O)=C5)C(=O)OC[C@H](N1[C@@H](O)[C@@H]1CC4=CC(C)=C(OC)C(O)=C4[C@H]2N1C)C1=C2OCOC2=C(C)C(OC(C)=O)=C31
Tolazamide,CC1=CC=C(C=C1)S(=O)(=O)NC(=O)NN1CCCCCC1
Digoxin,[H][C@]12CC[C@]3([H])[C@]([H])(C[C@@H](O)[C@]4(C)[C@H](CC[C@]34O)C3=CC(=O)OC3)[C@@]1(C)CC[C@@H](C2)O[C@H]1C[C@H](O)[C@H](O[C@H]2C[C@H](O)[C@H](O[C@H]3C[C@H](O)[C@H](O)[C@@H](C)O3)[C@@H](C)O2)[C@@H](C)O1
Polythiazide,CN1C(CSCC(F)(F)F)NC2=CC(Cl)=C(C=C2S1(=O)=O)S(N)(=O)=O
Rolapitant,C[C@@H](OC[C@]1(CC[C@]2(CCC(=O)N2)CN1)C1=CC=CC=C1)C1=CC(=CC(=C1)C(F)(F)F)C(F)(F)F
Tedizolid,CN1N=NC(=N1)C1=NC=C(C=C1)C1=C(F)C=C(C=C1)N1C[C@H](CO)OC1=O
Gemifloxacin,CO\N=C1/CN(CC1CN)C1=NC2=C(C=C1F)C(=O)C(=CN2C1CC1)C(O)=O
Calcium carbonate,[Ca++].[O-]C([O-])=O
Paclitaxel,[H][C@]12[C@H](OC(=O)C3=CC=CC=C3)[C@]3(O)C[C@H](OC(=O)[C@H](O)[C@@H](NC(=O)C4=CC=CC=C4)C4=CC=CC=C4)C(C)=C([C@@H](OC(C)=O)C(=O)[C@]1(C)[C@@H](O)C[C@H]1OC[C@@]21OC(C)=O)C3(C)C
Fluvoxamine,COCCCC\C(=N/OCCN)C1=CC=C(C=C1)C(F)(F)F
Ozanimod,CC(C)OC1=C(C=C(C=C1)C1=NC(=NO1)C1=C2CC[C@H](NCCO)C2=CC=C1)C#N
Osimertinib,COC1=C(NC2=NC=CC(=N2)C2=CN(C)C3=C2C=CC=C3)C=C(NC(=O)C=C)C(=C1)N(C)CCN(C)C
Elagolix,COC1=CC=CC(=C1F)C1=C(C)N(CC2=C(C=CC=C2F)C(F)(F)F)C(=O)N(C[C@H](NCCCC(O)=O)C2=CC=CC=C2)C1=O
Topotecan,CC[C@@]1(O)C(=O)OCC2=C1C=C1N(CC3=CC4=C(C=CC(O)=C4CN(C)C)N=C13)C2=O
Capmatinib,CNC(=O)C1=C(F)C=C(C=C1)C1=NN2C(CC3=CC4=C(C=C3)N=CC=C4)=CN=C2N=C1
Ketoconazole,CC(=O)N1CCN(CC1)C1=CC=C(OCC2COC(CN3C=CN=C3)(O2)C2=CC=C(Cl)C=C2Cl)C=C1
Triptorelin,CC(C)C[C@H](NC(=O)[C@@H](CC1=CNC2=CC=CC=C12)NC(=O)[C@H](CC1=CC=C(O)C=C1)NC(=O)[C@H](CO)NC(=O)[C@H](CC1=CNC2=C1C=CC=C2)NC(=O)[C@H](CC1=CNC=N1)NC(=O)[C@@H]1CCC(=O)N1)C(=O)N[C@@H](CCCNC(N)=N)C(=O)N1CCC[C@H]1C(=O)NCC(N)=O
Arsenic trioxide,O=[As]O[As]=O
Glycerin,OCC(O)CO
Aprepitant,C[C@@H](O[C@H]1OCCN(CC2=NNC(=O)N2)[C@H]1C1=CC=C(F)C=C1)C1=CC(=CC(=C1)C(F)(F)F)C(F)(F)F
Phenylbutazone,CCCCC1C(=O)N(N(C1=O)C1=CC=CC=C1)C1=CC=CC=C1
Gilteritinib,CCC1=C(NC2CCOCC2)N=C(NC2=CC=C(N3CCC(CC3)N3CCN(C)CC3)C(OC)=C2)C(=N1)C(N)=O
Fosaprepitant,C[C@@H](O[C@H]1OCCN(CC2=NC(=O)N(N2)P(O)(O)=O)[C@H]1C1=CC=C(F)C=C1)C1=CC(=CC(=C1)C(F)(F)F)C(F)(F)F
Dezocine,[H][C@@]12CC3=CC=C(O)C=C3[C@@](C)(CCCCC1)[C@H]2N
Oritavancin,CN[C@H](CC(C)C)C(=O)N[C@@H]1[C@H](O)C2=CC=C(OC3=C(O[C@@H]4O[C@H](CO)[C@@H](O)[C@H](O)[C@H]4O[C@H]4C[C@](C)(NCC5=CC=C(C=C5)C5=CC=C(Cl)C=C5)[C@@H](O)[C@H](C)O4)C4=CC(=C3)[C@@H](NC(=O)[C@H](CC(N)=O)NC1=O)C(=O)N[C@@H]1C3=CC(=C(O)C=C3)C3=C(O)C=C(O)C=C3[C@H](NC(=O)[C@@H](NC1=O)[C@H](O[C@H]1C[C@](C)(N)[C@@H](O)[C@H](C)O1)C1=CC(Cl)=C(O4)C=C1)C(O)=O)C(Cl)=C2
Encorafenib,COC(=O)N[C@@H](C)CNC1=NC=CC(=N1)C1=CN(N=C1C1=CC(Cl)=CC(NS(C)(=O)=O)=C1F)C(C)C
Cariprazine,CN(C)C(=O)N[C@H]1CC[C@H](CCN2CCN(CC2)C2=C(Cl)C(Cl)=CC=C2)CC1
Abemaciclib,CCN1CCN(CC2=CC=C(NC3=NC=C(F)C(=N3)C3=CC(F)=C4N=C(C)N(C(C)C)C4=C3)N=C2)CC1
Atropine,CN1[C@H]2CC[C@@H]1C[C@@H](C2)OC(=O)C(CO)C1=CC=CC=C1
Acrivastine,[H]\C(CN1CCCC1)=C(\C1=CC=C(C)C=C1)C1=CC=CC(=N1)C(\[H])=C(/[H])C(O)=O
Ketorolac,OC(=O)C1CCN2C1=CC=C2C(=O)C1=CC=CC=C1
Dexfenfluramine,CCN[C@@H](C)CC1=CC=CC(=C1)C(F)(F)F
Tetracosactide,CSCC[C@H](NC(=O)[C@H](CO)NC(=O)[C@H](CC1=CC=C(O)C=C1)NC(=O)[C@@H](N)CO)C(=O)N[C@@H](CCC(O)=O)C(=O)N[C@@H](CC1=CN=CN1)C(=O)N[C@@H](CC1=CC=CC=C1)C(=O)N[C@@H](CCCNC(N)=N)C(=O)N[C@@H](CC1=CNC2=C1C=CC=C2)C(=O)NCC(=O)N[C@@H](CCCCN)C(=O)N1CCC[C@H]1C(=O)N[C@@H](C(C)C)C(=O)NCC(=O)N[C@@H](CCCCN)C(=O)N[C@@H](CCCCN)C(=O)N[C@@H](CCCNC(N)=N)C(=O)N[C@@H](CCCNC(N)=N)C(=O)N1CCC[C@H]1C(=O)N[C@@H](C(C)C)C(=O)N[C@@H](CCCCN)C(=O)N[C@@H](C(C)C)C(=O)N[C@@H](CC1=CC=C(O)C=C1)C(=O)N1CCC[C@H]1C(O)=O
Oliceridine,COC1=C(CNCC[C@]2(CCOC3(CCCC3)C2)C2=NC=CC=C2)SC=C1
Aliskiren,COCCCOC1=C(OC)C=CC(C[C@@H](C[C@H](N)[C@@H](O)C[C@@H](C(C)C)C(=O)NCC(C)(C)C(N)=O)C(C)C)=C1
Oxycodone,COC1=C2O[C@H]3C(=O)CC[C@@]4(O)[C@H]5CC(C=C1)=C2[C@@]34CCN5C
Bicalutamide,CC(O)(CS(=O)(=O)C1=CC=C(F)C=C1)C(=O)NC1=CC(=C(C=C1)C#N)C(F)(F)F
Gentamicin,[H][C@@]1(CN)CC[C@@H](N)[C@@H](O[C@]2([H])[C@@H](N)C[C@@H](N)[C@H](O[C@@]3([H])OC[C@](C)(O)[C@H](NC)[C@H]3O)[C@H]2O)O1.[H][C@]1(CC[C@@H](N)[C@@H](O[C@]2([H])[C@@H](N)C[C@@H](N)[C@H](O[C@@]3([H])OC[C@](C)(O)[C@H](NC)[C@H]3O)[C@H]2O)O1)C(C)N.[H][C@]1(CC[C@@H](N)[C@@H](O[C@]2([H])[C@@H](N)C[C@@H](N)[C@H](O[C@@]3([H])OC[C@](C)(O)[C@H](NC)[C@H]3O)[C@H]2O)O1)C(C)NC
Indium In-111 oxyquinoline,[111In+3].[O-]C1=CC=CC2=C1N=CC=C2.[O-]C1=CC=CC2=C1N=CC=C2.[O-]C1=CC=CC2=C1N=CC=C2
Troglitazone,CC1=C(C)C2=C(CCC(C)(COC3=CC=C(CC4SC(=O)NC4=O)C=C3)O2)C(C)=C1O
Cyclophosphamide,ClCCN(CCCl)P1(=O)NCCCO1
Diltiazem,COC1=CC=C(C=C1)[C@@H]1SC2=C(C=CC=C2)N(CCN(C)C)C(=O)[C@@H]1OC(C)=O
Dapagliflozin,CCOC1=CC=C(CC2=C(Cl)C=CC(=C2)[C@@H]2O[C@H](CO)[C@@H](O)[C@H](O)[C@H]2O)C=C1
Romidepsin,C\C=C1/NC(=O)[C@H]2CSSCC\C=C\[C@H](CC(=O)N[C@H](C(C)C)C(=O)N2)OC(=O)[C@@H](NC1=O)C(C)C
Cobicistat,CC(C)C1=NC(CN(C)C(=O)N[C@@H](CCN2CCOCC2)C(=O)N[C@H](CC[C@H](CC2=CC=CC=C2)NC(=O)OCC2=CN=CS2)CC2=CC=CC=C2)=CS1
Minocycline,[H][C@@]12CC3=C(C(O)=CC=C3N(C)C)C(=O)C1=C(O)[C@]1(O)C(=O)C(C(N)=O)=C(O)[C@@H](N(C)C)[C@]1([H])C2
Miconazole,ClC1=CC(Cl)=C(COC(CN2C=CN=C2)C2=C(Cl)C=C(Cl)C=C2)C=C1
Drospirenone,[H][C@@]12C[C@]1([H])[C@@]1([H])[C@]3([H])[C@]4([H])C[C@]4([H])[C@@]4(CCC(=O)O4)[C@@]3(C)CC[C@]1([H])[C@@]1(C)CCC(=O)C=C21
Acarbose,[H]C(=O)[C@H](O)[C@@H](O)[C@]([H])(O[C@@]1([H])O[C@H](CO)[C@@]([H])(O[C@H]2O[C@H](C)[C@@H](N[C@@]3([H])C=C(CO)[C@@H](O)[C@H](O)[C@H]3O)[C@H](O)[C@H]2O)[C@H](O)[C@H]1O)[C@H](O)CO
Trovafloxacin,[H][C@@]12CN(C[C@]1([H])[C@H]2N)C1=NC2=C(C=C1F)C(=O)C(=CN2C1=C(F)C=C(F)C=C1)C(O)=O
Daunorubicin,COC1=CC=CC2=C1C(=O)C1=C(O)C3=C(C[C@](O)(C[C@@H]3O[C@H]3C[C@H](N)[C@H](O)[C@H](C)O3)C(C)=O)C(O)=C1C2=O
Terbutaline,CC(C)(C)NCC(O)C1=CC(O)=CC(O)=C1
Famotidine,NC(N)=NC1=NC(CSCCC(N)=NS(N)(=O)=O)=CS1
Histrelin,CC(O)=O.CC(O)=O.CCNC(=O)[C@@H]1CCCN1C(=O)[C@H](CCCNC(N)=N)NC(=O)[C@H](CC(C)C)NC(=O)[C@@H](CC1=CN(CC2=CC=CC=C2)C=N1)NC(=O)[C@H](CC1=CC=C(O)C=C1)NC(=O)[C@H](CO)NC(=O)[C@H](CC1=CNC2=C1C=CC=C2)NC(=O)[C@H](CC1=CNC=N1)NC(=O)[C@@H]1CCC(=O)N1
Baclofen,NCC(CC(O)=O)C1=CC=C(Cl)C=C1
Sodium sulfate,[Na+].[Na+].[O-]S([O-])(=O)=O
Floxuridine,OC[C@H]1O[C@H](C[C@@H]1O)N1C=C(F)C(=O)NC1=O
Cytarabine,NC1=NC(=O)N(C=C1)[C@@H]1O[C@H](CO)[C@@H](O)[C@@H]1O
Fexofenadine,CC(C)(C(O)=O)C1=CC=C(C=C1)C(O)CCCN1CCC(CC1)C(O)(C1=CC=CC=C1)C1=CC=CC=C1
Pazopanib,CN(C1=CC2=NN(C)C(C)=C2C=C1)C1=CC=NC(NC2=CC=C(C)C(=C2)S(N)(=O)=O)=N1
Olodaterol,COC1=CC=C(CC(C)(C)NC[C@H](O)C2=C3OCC(=O)NC3=CC(O)=C2)C=C1
Amantadine,NC12CC3CC(CC(C3)C1)C2
Repaglinide,CCOC1=C(C=CC(CC(=O)N[C@@H](CC(C)C)C2=CC=CC=C2N2CCCCC2)=C1)C(O)=O
Diclofenac,OC(=O)CC1=CC=CC=C1NC1=C(Cl)C=CC=C1Cl
Procarbazine,CNNCC1=CC=C(C=C1)C(=O)NC(C)C
Caffeine,CN1C=NC2=C1C(=O)N(C)C(=O)N2C
Theophylline,CN1C2=C(NC=N2)C(=O)N(C)C1=O
Cilostazol,O=C1CCC2=C(N1)C=CC(OCCCCC1=NN=NN1C1CCCCC1)=C2
Deoxycholic acid,[H][C@@]12CC[C@H]([C@H](C)CCC(O)=O)[C@@]1(C)[C@@H](O)C[C@@]1([H])[C@@]2([H])CC[C@]2([H])C[C@H](O)CC[C@]12C
Ephedrine,CN[C@@H](C)[C@H](O)C1=CC=CC=C1
Sodium citrate,[Na+].[Na+].[Na+].OC(CC([O-])=O)(CC([O-])=O)C([O-])=O
Rifabutin,CO[C@H]1\C=C\O[C@@]2(C)OC3=C(C2=O)C2=C(C(O)=C3C)C(=O)C(NC(=O)\C(C)=C/C=C/[C@H](C)[C@H](O)[C@@H](C)[C@@H](O)[C@@H](C)[C@H](OC(C)=O)[C@@H]1C)=C1NC3(CCN(CC3)CC(C)C)N=C21
Flunisolide,[H][C@@]12C[C@@]3([H])[C@]4([H])C[C@H](F)C5=CC(=O)C=C[C@]5(C)[C@@]4([H])[C@@H](O)C[C@]3(C)[C@@]1(OC(C)(C)O2)C(=O)CO
Calcitriol,C[C@H](CCCC(C)(C)O)[C@@]1([H])CC[C@@]2([H])\C(CCC[C@]12C)=C\C=C1\C[C@@H](O)C[C@H](O)C1=C
Magnesium gluconate,O.O.[Mg++].OC[C@@H](O)[C@@H](O)[C@H](O)[C@@H](O)C([O-])=O.OC[C@@H](O)[C@@H](O)[C@H](O)[C@@H](O)C([O-])=O
Nafcillin,[H][C@]12SC(C)(C)[C@@H](N1C(=O)[C@H]2NC(=O)C1=C(OCC)C=CC2=CC=CC=C12)C(O)=O
Citalopram,CN(C)CCCC1(OCC2=C1C=CC(=C2)C#N)C1=CC=C(F)C=C1
Flutamide,CC(C)C(=O)NC1=CC(=C(C=C1)[N+]([O-])=O)C(F)(F)F
Relugolix,CONC(=O)NC1=CC=C(C=C1)C1=C(CN(C)C)C2=C(S1)N(CC1=C(F)C=CC=C1F)C(=O)N(C2=O)C1=CC=C(OC)N=N1
Meperidine,CCOC(=O)C1(CCN(C)CC1)C1=CC=CC=C1
Galantamine,[H][C@]12C[C@@H](O)C=C[C@]11CCN(C)CC3=C1C(O2)=C(OC)C=C3
Tofacitinib,C[C@@H]1CCN(C[C@@H]1N(C)C1=NC=NC2=C1C=CN2)C(=O)CC#N
Rofecoxib,CS(=O)(=O)C1=CC=C(C=C1)C1=C(C(=O)OC1)C1=CC=CC=C1
Levofloxacin,C[C@H]1COC2=C3N1C=C(C(O)=O)C(=O)C3=CC(F)=C2N1CCN(C)CC1
Palbociclib,CC(=O)C1=C(C)C2=CN=C(NC3=NC=C(C=C3)N3CCNCC3)N=C2N(C2CCCC2)C1=O
Doxazosin,COC1=C(OC)C=C2C(N)=NC(=NC2=C1)N1CCN(CC1)C(=O)C1COC2=CC=CC=C2O1
Iloprost,[H][C@]12C[C@@H](O)[C@H](\C=C\[C@@H](O)C(C)CC#CC)[C@@]1([H])C\C(C2)=C\CCCC(O)=O
Eltrombopag,CC1=NN(C(=O)\C1=N/NC1=CC=CC(C2=CC=CC(=C2)C(O)=O)=C1O)C1=CC=C(C)C(C)=C1
Flavoxate,CC1=C(OC2=C(C=CC=C2C(=O)OCCN2CCCCC2)C1=O)C1=CC=CC=C1
Revefenacin,CN(CCN1CCC(CC1)OC(=O)NC1=CC=CC=C1C1=CC=CC=C1)C(=O)C1=CC=C(CN2CCC(CC2)C(N)=O)C=C1
Isosorbide dinitrate,[H][C@]12OC[C@H](O[N+]([O-])=O)[C@@]1([H])OC[C@H]2O[N+]([O-])=O
Diphenhydramine,CN(C)CCOC(C1=CC=CC=C1)C1=CC=CC=C1
Ticarcillin,[H][C@]12SC(C)(C)[C@@H](N1C(=O)[C@H]2NC(=O)[C@H](C(O)=O)C1=CSC=C1)C(O)=O
Triazolam,CC1=NN=C2CN=C(C3=CC=CC=C3Cl)C3=C(C=CC(Cl)=C3)N12
Sertraline,CN[C@H]1CC[C@@H](C2=CC(Cl)=C(Cl)C=C2)C2=CC=CC=C12
Mephenytoin,CCC1(NC(=O)N(C)C1=O)C1=CC=CC=C1
Diazepam,CN1C2=C(C=C(Cl)C=C2)C(=NCC1=O)C1=CC=CC=C1
Gefitinib,COC1=C(OCCCN2CCOCC2)C=C2C(NC3=CC(Cl)=C(F)C=C3)=NC=NC2=C1
Ubrogepant,C[C@@H]1[C@@H](C[C@H](NC(=O)C2=CN=C3C[C@]4(CC3=C2)C(=O)NC2=NC=CC=C42)C(=O)N1CC(F)(F)F)C1=CC=CC=C1
Artesunate,[H][C@@]12CC[C@@H](C)[C@]3([H])CC[C@@]4(C)OO[C@@]13[C@]([H])(O[C@@H](OC(=O)CCC(O)=O)[C@@H]2C)O4
Enasidenib,CC(C)(O)CNC1=NC(=NC(NC2=CC(=NC=C2)C(F)(F)F)=N1)C1=NC(=CC=C1)C(F)(F)F
Pitolisant,ClC1=CC=C(CCCOCCCN2CCCCC2)C=C1
Chlorthalidone,NS(=O)(=O)C1=C(Cl)C=CC(=C1)C1(O)NC(=O)C2=CC=CC=C12
Methotrexate,[H][C@@](CCC(O)=O)(NC(=O)C1=CC=C(C=C1)N(C)CC1=NC2=C(N)NC(=N)N=C2N=C1)C(O)=O
Dimethyl fumarate,[H]\C(=C(\[H])C(=O)OC)C(=O)OC
Febuxostat,CC(C)COC1=C(C=C(C=C1)C1=NC(C)=C(S1)C(O)=O)C#N
Medroxyprogesterone acetate,[H][C@@]12CC[C@](OC(C)=O)(C(C)=O)[C@@]1(C)CC[C@@]1([H])[C@@]2([H])C[C@H](C)C2=CC(=O)CC[C@]12C
Salsalate,OC(=O)C1=CC=CC=C1OC(=O)C1=CC=CC=C1O
Mexiletine,CC(N)COC1=C(C)C=CC=C1C
Lorcaserin,C[C@H]1CNCCC2=CC=C(Cl)C=C12
Thalidomide,O=C1N(C2CCC(=O)NC2=O)C(=O)C2=CC=CC=C12
Azithromycin,CC[C@H]1OC(=O)[C@H](C)[C@@H](O[C@H]2C[C@@](C)(OC)[C@@H](O)[C@H](C)O2)[C@H](C)[C@@H](O[C@@H]2O[C@H](C)C[C@@H]([C@H]2O)N(C)C)[C@](C)(O)C[C@@H](C)CN(C)[C@H](C)[C@@H](O)[C@]1(C)O
Mycophenolic acid,COC1=C(C\C=C(/C)CCC(O)=O)C(O)=C2C(=O)OCC2=C1C
Benzthiazide,NS(=O)(=O)C1=CC2=C(C=C1Cl)N=C(CSCC1=CC=CC=C1)NS2(=O)=O
Pimozide,FC1=CC=C(C=C1)C(CCCN1CCC(CC1)N1C(=O)NC2=CC=CC=C12)C1=CC=C(F)C=C1
Fosinopril,CCC(=O)O[C@@H](OP(=O)(CCCCC1=CC=CC=C1)CC(=O)N1C[C@@H](C[C@H]1C(O)=O)C1CCCCC1)C(C)C
Enzalutamide,CNC(=O)C1=C(F)C=C(C=C1)N1C(=S)N(C(=O)C1(C)C)C1=CC=C(C#N)C(=C1)C(F)(F)F
Diatrizoate,CC(=O)NC1=C(I)C(C(O)=O)=C(I)C(NC(C)=O)=C1I
Phenylephrine,CNC[C@H](O)C1=CC(O)=CC=C1
Sibutramine,CC(C)CC(N(C)C)C1(CCC1)C1=CC=C(Cl)C=C1
Abarelix,CC(C)C[C@H](NC(=O)[C@@H](CC(N)=O)NC(=O)[C@H](CC1=CC=C(O)C=C1)N(C)C(=O)[C@H](CO)NC(=O)[C@@H](CC1=CN=CC=C1)NC(=O)[C@@H](CC1=CC=C(Cl)C=C1)NC(=O)[C@@H](CC1=CC2=C(C=CC=C2)C=C1)NC(C)=O)C(=O)N[C@@H](CCCCNC(C)C)C(=O)N1CCC[C@H]1C(=O)N[C@H](C)C(N)=O
Montelukast,OC(=O)CC1(CC1)CS[C@H](CCC1=CC=CC=C1C(O)(C)C)C1=CC=CC(\C=C\C2=NC3=C(C=CC(Cl)=C3)C=C2)=C1
Hydroxyurea,NC(=O)NO
Perflutren,FC(F)(F)C(F)(F)C(F)(F)F
Alogliptin,CN1C(=O)C=C(N2CCC[C@@H](N)C2)N(CC2=C(C=CC=C2)C#N)C1=O
Bictegravir,OC1=C2N(C[C@H]3O[C@@H]4CC[C@@H](C4)N3C2=O)C=C(C(=O)NCC2=C(F)C=C(F)C=C2F)C1=O
Esmolol,COC(=O)CCC1=CC=C(OCC(O)CNC(C)C)C=C1
Iodipamide,OC(=O)C1=C(I)C(NC(=O)CCCCC(=O)NC2=C(I)C=C(I)C(C(O)=O)=C2I)=C(I)C=C1I
Phendimetrazine,C[C@H]1[C@@H](OCCN1C)C1=CC=CC=C1
Torasemide,CC(C)NC(=O)NS(=O)(=O)C1=C(NC2=CC=CC(C)=C2)C=CN=C1
Phenytoin,O=C1NC(=O)C(N1)(C1=CC=CC=C1)C1=CC=CC=C1
Zolpidem,CN(C)C(=O)CC1=C(N=C2C=CC(C)=CN12)C1=CC=C(C)C=C1
Ticagrelor,CCCSC1=NC2=C(N=NN2[C@@H]2C[C@H](OCCO)[C@@H](O)[C@H]2O)C(N[C@@H]2C[C@H]2C2=CC(F)=C(F)C=C2)=N1
Copanlisib,COC1=C(OCCCN2CCOCC2)C=CC2=C1N=C(NC(=O)C1=CN=C(N)N=C1)N1CCN=C21
Macimorelin,CC(C)(N)C(=O)N[C@H](CC1=CNC2=CC=CC=C12)C(=O)N[C@H](CC1=CNC2=CC=CC=C12)NC=O
Hydralazine,NNC1=NN=CC2=CC=CC=C12
Ethosuximide,CCC1(C)CC(=O)NC1=O
Pentoxyverine,CCN(CC)CCOCCOC(=O)C1(CCCC1)C1=CC=CC=C1
Pseudoephedrine,CN[C@@H](C)[C@@H](O)C1=CC=CC=C1
Pramlintide,[H]N[C@@H](CCCCN)C(=O)N[C@H]1CSSC[C@H](NC(=O)[C@@]([H])(NC(=O)[C@H](C)NC(=O)[C@@]([H])(NC(=O)[C@H](CC(N)=O)NC1=O)[C@@H](C)O)[C@@H](C)O)C(=O)N[C@@H](C)C(=O)N[C@@]([H])([C@@H](C)O)C(=O)N[C@@H](CCC(N)=O)C(=O)N[C@@H](CCCNC(N)=N)C(=O)N[C@@H](CC(C)C)C(=O)N[C@@H](C)C(=O)N[C@@H](CC(N)=O)C(=O)N[C@@H](CC1=CC=CC=C1)C(=O)N[C@@H](CC(C)C)C(=O)N[C@@H](C(C)C)C(=O)N[C@@H](CC1=CN=CN1)C(=O)N[C@@H](CO)C(=O)N[C@@H](CO)C(=O)N[C@@H](CC(N)=O)C(=O)N[C@@H](CC(N)=O)C(=O)N[C@@H](CC1=CC=CC=C1)C(=O)NCC(=O)N1CCC[C@H]1C(=O)N[C@@]([H])([C@@H](C)CC)C(=O)N[C@@H](CC(C)C)C(=O)N1CCC[C@H]1C(=O)N1CCC[C@H]1C(=O)N[C@@]([H])([C@@H](C)O)C(=O)N[C@@H](CC(N)=O)C(=O)N[C@@H](C(C)C)C(=O)NCC(=O)N[C@@H](CO)C(=O)N[C@@H](CC(N)=O)C(=O)N[C@@]([H])([C@@H](C)O)C(=O)N[C@@H](CC1=CC=C(O)C=C1)C(N)=O
Nifedipine,COC(=O)C1=C(C)NC(C)=C(C1C1=CC=CC=C1[N+]([O-])=O)C(=O)OC
Midostaurin,CO[C@@H]1[C@@H](C[C@H]2O[C@]1(C)N1C3=C(C=CC=C3)C3=C1C1=C(C4=C(C=CC=C4)N21)C1=C3CNC1=O)N(C)C(=O)C1=CC=CC=C1
Axitinib,CNC(=O)C1=C(SC2=CC=C3C(NN=C3\C=C\C3=CC=CC=N3)=C2)C=CC=C1
Eslicarbazepine,NC(=O)N1C2=CC=CC=C2[C@@H](O)CC2=C1C=CC=C2
Lusutrombopag,CCCCCCO[C@@H](C)C1=C(OC)C(=CC=C1)C1=CSC(NC(=O)C2=CC(Cl)=C(\C=C(/C)C(O)=O)C(Cl)=C2)=N1
Troleandomycin,CO[C@H]1C[C@H](O[C@H]2[C@H](C)[C@@H](O[C@@H]3O[C@H](C)C[C@@H]([C@H]3OC(C)=O)N(C)C)[C@@H](C)C[C@@]3(CO3)C(=O)[C@H](C)[C@@H](OC(C)=O)[C@@H](C)[C@@H](C)OC(=O)[C@@H]2C)O[C@@H](C)[C@@H]1OC(C)=O
Phenyl salicylate,OC1=CC=CC=C1C(=O)OC1=CC=CC=C1
Ibandronate,CCCCCN(C)CCC(O)(P(O)(O)=O)P(O)(O)=O
Mannitol,OC[C@@H](O)[C@@H](O)[C@H](O)[C@H](O)CO
Naloxone,OC1=CC=C2C[C@H]3N(CC=C)CC[C@@]45[C@@H](OC1=C24)C(=O)CC[C@@]35O
Bendroflumethiazide,NS(=O)(=O)C1=CC2=C(NC(CC3=CC=CC=C3)NS2(=O)=O)C=C1C(F)(F)F
Rifampicin,CO[C@H]1\C=C\O[C@@]2(C)OC3=C(C2=O)C2=C(O)C(\C=N\N4CCN(C)CC4)=C(NC(=O)\C(C)=C/C=C/[C@H](C)[C@H](O)[C@@H](C)[C@@H](O)[C@@H](C)[C@H](OC(C)=O)[C@@H]1C)C(O)=C2C(O)=C3C
Amobarbital,CCC1(CCC(C)C)C(=O)NC(=O)NC1=O
Quinestrol,[H][C@@]12CC[C@@](O)(C#C)[C@@]1(C)CC[C@]1([H])C3=C(CC[C@@]21[H])C=C(OC1CCCC1)C=C3
Exemestane,[H][C@@]12CCC(=O)[C@@]1(C)CC[C@@]1([H])[C@@]2([H])CC(=C)C2=CC(=O)C=C[C@]12C
Amprenavir,CC(C)CN(C[C@@H](O)[C@H](CC1=CC=CC=C1)NC(=O)O[C@H]1CCOC1)S(=O)(=O)C1=CC=C(N)C=C1
Apixaban,COC1=CC=C(C=C1)N1N=C(C(N)=O)C2=C1C(=O)N(CC2)C1=CC=C(C=C1)N1CCCCC1=O
Diethylpropion,CCN(CC)C(C)C(=O)C1=CC=CC=C1
Isoprenaline,CC(C)NCC(O)C1=CC(O)=C(O)C=C1
Radium Ra 223 dichloride,[Cl-].[Cl-].[223Ra++]
Atorvastatin,CC(C)C1=C(C(=O)NC2=CC=CC=C2)C(=C(N1CC[C@@H](O)C[C@@H](O)CC(O)=O)C1=CC=C(F)C=C1)C1=CC=CC=C1
Bumetanide,CCCCNC1=C(OC2=CC=CC=C2)C(=CC(=C1)C(O)=O)S(N)(=O)=O
Estrone,[H][C@@]12CCC(=O)[C@@]1(C)CC[C@]1([H])C3=C(CC[C@@]21[H])C=C(O)C=C3
Telaprevir,[H][C@@]12CCC[C@]1([H])[C@H](N(C2)C(=O)[C@@H](NC(=O)[C@@H](NC(=O)C1=NC=CN=C1)C1CCCCC1)C(C)(C)C)C(=O)N[C@@H](CCC)C(=O)C(=O)NC1CC1
Metformin,CN(C)C(=N)NC(N)=N
Sotalol,CC(C)NCC(O)C1=CC=C(NS(C)(=O)=O)C=C1
Levamlodipine,CCOC(=O)C1=C(COCCN)NC(C)=C([C@@H]1C1=CC=CC=C1Cl)C(=O)OC
Palonosetron,[H][C@]12CCCC3=C1C(=CC=C3)C(=O)N(C2)[C@@H]1CN2CCC1CC2
Pioglitazone,CCC1=CN=C(CCOC2=CC=C(CC3SC(=O)NC3=O)C=C2)C=C1
Triflupromazine,CN(C)CCCN1C2=CC=CC=C2SC2=C1C=C(C=C2)C(F)(F)F
Lanreotide,[H]N([H])CCCCC1N([H])C(=O)C(CC2=CN([H])C3=CC=CC=C23)N([H])C(=O)C(CC2=CC=C(O)C=C2)N([H])C(=O)C(CSSCC(N([H])C(=O)C(N([H])C1=O)C(C)C)C(=O)N([H])C(C(C)O)C(=O)N([H])[H])N([H])C(=O)C(CC1=CC2=CC=CC=C2C=C1)N([H])[H]
Benznidazole,[O-][N+](=O)C1=NC=CN1CC(=O)NCC1=CC=CC=C1
Telithromycin,[H][C@@]12[C@@H](C)C(=O)[C@H](C)C[C@@](C)(OC)[C@H](O[C@@H]3O[C@H](C)C[C@@H]([C@H]3O)N(C)C)[C@@H](C)C(=O)[C@@H](C)C(=O)O[C@H](CC)[C@@]1(C)OC(=O)N2CCCCN1C=NC(=C1)C1=CC=CN=C1
Bisoprolol,CC(C)NCC(O)COC1=CC=C(COCCOC(C)C)C=C1
Apalutamide,CNC(=O)C1=CC=C(C=C1F)N1C(=S)N(C(=O)C11CCC1)C1=CC(=C(N=C1)C#N)C(F)(F)F
Triclabendazole,CSC1=NC2=C(N1)C=C(Cl)C(OC1=CC=CC(Cl)=C1Cl)=C2
Epinephrine,CNC[C@H](O)C1=CC(O)=C(O)C=C1
Folic acid,NC1=NC(=O)C2=NC(CNC3=CC=C(C=C3)C(=O)N[C@@H](CCC(O)=O)C(O)=O)=CN=C2N1
Chlordiazepoxide,CNC1=NC2=C(C=C(Cl)C=C2)C(C2=CC=CC=C2)=[N+]([O-])C1
Rucaparib,CNCC1=CC=C(C=C1)C1=C2CCNC(=O)C3=C2C(N1)=CC(F)=C3
Vemurafenib,CCCS(=O)(=O)NC1=C(F)C(C(=O)C2=CNC3=NC=C(C=C23)C2=CC=C(Cl)C=C2)=C(F)C=C1
Lorlatinib,C[C@H]1OC2=C(N)N=CC(=C2)C2=C(C#N)N(C)N=C2CN(C)C(=O)C2=C1C=C(F)C=C2
Trazodone,ClC1=CC=CC(=C1)N1CCN(CCCN2N=C3C=CC=CN3C2=O)CC1
Salbutamol,CC(C)(C)NCC(O)C1=CC(CO)=C(O)C=C1
Dihydrotachysterol,CC(C)[C@@H](C)\C=C\[C@@H](C)[C@@]1([H])CC[C@@]2([H])\C(CCC[C@]12C)=C\C=C1/C[C@@H](O)CC[C@@H]1C
Magnesium chloride,[Mg++].[Cl-].[Cl-]
Lindane,Cl[C@H]1[C@H](Cl)[C@@H](Cl)[C@@H](Cl)[C@H](Cl)[C@H]1Cl
Tripelennamine,CN(C)CCN(CC1=CC=CC=C1)C1=CC=CC=N1
Tiagabine,CC1=C(SC=C1)C(=CCCN1CCC[C@H](C1)C(O)=O)C1=C(C)C=CS1
Toremifene,CN(C)CCOC1=CC=C(C=C1)C(=C(\CCCl)C1=CC=CC=C1)\C1=CC=CC=C1
Dicyclomine,CCN(CC)CCOC(=O)C1(CCCCC1)C1CCCCC1
Ambenonium,CC[N+](CC)(CCNC(=O)C(=O)NCC[N+](CC)(CC)CC1=CC=CC=C1Cl)CC1=CC=CC=C1Cl
Flecainide,FC(F)(F)COC1=CC(C(=O)NCC2CCCCN2)=C(OCC(F)(F)F)C=C1
Isotretinoin,C\C(\C=C\C1=C(C)CCCC1(C)C)=C/C=C/C(/C)=C\C(O)=O
Glycopyrronium,C[N+]1(C)CCC(C1)OC(=O)C(O)(C1CCCC1)C1=CC=CC=C1
Molindone,CCC1=C(C)NC2=C1C(=O)C(CN1CCOCC1)CC2
Celecoxib,CC1=CC=C(C=C1)C1=CC(=NN1C1=CC=C(C=C1)S(N)(=O)=O)C(F)(F)F
Riociguat,COC(=O)N(C)C1=C(N)N=C(N=C1N)C1=NN(CC2=C(F)C=CC=C2)C2=C1C=CC=N2
Ergocalciferol,CC(C)[C@@H](C)\C=C\[C@@H](C)[C@@]1([H])CC[C@@]2([H])\C(CCC[C@]12C)=C\C=C1\C[C@@H](O)CCC1=C
Secobarbital,CCCC(C)C1(CC=C)C(=O)NC(=O)NC1=O
Temsirolimus,OCC(C)(CO)C(=O)O[C@@H]1CC[C@@H](C[C@@H](C)[C@]2([H])CC(=O)[C@H](C)\C=C(C)\[C@@H](O)[C@@H](OC)C(=O)[C@H](C)C[C@H](C)\C=C\C=C\C=C(C)\[C@@H](OC)C[C@]3([H])CC[C@@H](C)[C@@](O)(O3)C(=O)C(=O)N3CCCC[C@H]3C(=O)O2)C[C@H]1OC
Selinexor,FC(F)(F)C1=CC(=CC(=C1)C1=NN(\C=C/C(=O)NNC2=NC=CN=C2)C=N1)C(F)(F)F
Terazosin,COC1=C(OC)C=C2C(N)=NC(=NC2=C1)N1CCN(CC1)C(=O)C1CCCO1
Conivaptan,CC1=NC2=C(CCN(C(=O)C3=CC=C(NC(=O)C4=CC=CC=C4C4=CC=CC=C4)C=C3)C3=CC=CC=C23)N1
Sunitinib,CCN(CC)CCNC(=O)C1=C(C)NC(\C=C2/C(=O)NC3=C2C=C(F)C=C3)=C1C
Brivaracetam,CCC[C@H]1CN([C@@H](CC)C(N)=O)C(=O)C1
Hydromorphone,[H][C@@]12OC3=C(O)C=CC4=C3[C@@]11CCN(C)[C@]([H])(C4)[C@]1([H])CCC2=O
Griseofulvin,COC1=CC(OC)=C(Cl)C2=C1C(=O)[C@]1(O2)[C@H](C)CC(=O)C=C1OC
Ergotamine,[H][C@@]12CCCN1C(=O)[C@H](CC1=CC=CC=C1)N1C(=O)[C@](C)(NC(=O)[C@H]3CN(C)[C@]4([H])CC5=CNC6=CC=CC(=C56)C4=C3)O[C@@]21O
Bisacodyl,CC(=O)OC1=CC=C(C=C1)C(C1=CC=C(OC(C)=O)C=C1)C1=CC=CC=N1
Physostigmine,[H][C@]12N(C)CC[C@@]1(C)C1=C(C=CC(OC(=O)NC)=C1)N2C
Enoxacin,CCN1C=C(C(O)=O)C(=O)C2=CC(F)=C(N=C12)N1CCNCC1
Balsalazide,OC(=O)CCNC(=O)C1=CC=C(C=C1)\N=N\C1=CC=C(O)C(=C1)C(O)=O
Risperidone,CC1=C(CCN2CCC(CC2)C2=NOC3=C2C=CC(F)=C3)C(=O)N2CCCCC2=N1
Suvorexant,[H][C@@]1(C)CCN(CCN1C(=O)C1=C(C=CC(C)=C1)N1N=CC=N1)C1=NC2=C(O1)C=CC(Cl)=C2
Pramipexole,CCCN[C@H]1CCC2=C(C1)SC(N)=N2
Cimetidine,CN\C(NCCSCC1=C(C)NC=N1)=N\C#N
Urea,NC(N)=O
Maraviroc,CC(C)C1=NN=C(C)N1[C@H]1C[C@@H]2CC[C@H](C1)N2CC[C@H](NC(=O)C1CCC(F)(F)CC1)C1=CC=CC=C1
Tolvaptan,CC1=CC=CC=C1C(=O)NC1=CC(C)=C(C=C1)C(=O)N1CCC[C@@H](O)C2=C1C=CC(Cl)=C2
Levetiracetam,CC[C@H](N1CCCC1=O)C(N)=O
Paricalcitol,[H][C@@]1(CC[C@@]2([H])\C(CCC[C@]12C)=C\C=C1C[C@@H](O)C[C@H](O)C1)[C@H](C)\C=C\[C@H](C)C(C)(C)O
Magnesium carbonate,[Mg++].[O-]C([O-])=O
Doxorubicin,COC1=CC=CC2=C1C(=O)C1=C(O)C3=C(C[C@](O)(C[C@@H]3O[C@H]3C[C@H](N)[C@H](O)[C@H](C)O3)C(=O)CO)C(O)=C1C2=O
Ritonavir,CC(C)[C@H](NC(=O)N(C)CC1=CSC(=N1)C(C)C)C(=O)N[C@H](C[C@H](O)[C@H](CC1=CC=CC=C1)NC(=O)OCC1=CN=CS1)CC1=CC=CC=C1
Oxacillin,[H][C@]12SC(C)(C)[C@@H](N1C(=O)[C@H]2NC(=O)C1=C(C)ON=C1C1=CC=CC=C1)C(O)=O
Estradiol,[H][C@@]12CC[C@H](O)[C@@]1(C)CC[C@]1([H])C3=C(CC[C@@]21[H])C=C(O)C=C3
Diclofenamide,NS(=O)(=O)C1=CC(=C(Cl)C(Cl)=C1)S(N)(=O)=O
Phenolphthalein,OC1=CC=C(C=C1)C1(OC(=O)C2=CC=CC=C12)C1=CC=C(O)C=C1
Aminoglutethimide,CCC1(CCC(=O)NC1=O)C1=CC=C(N)C=C1
Guanfacine,NC(=N)NC(=O)CC1=C(Cl)C=CC=C1Cl
Oxamniquine,CC(C)NCC1CCC2=CC(CO)=C(C=C2N1)[N+]([O-])=O
Ibuprofen,CC(C)CC1=CC=C(C=C1)C(C)C(O)=O
Plazomicin,CN[C@@H]1[C@@H](O)[C@@H](O[C@H]2[C@@H](C[C@H](N)[C@@H](O[C@H]3OC(CNCCO)=CC[C@H]3N)[C@@H]2O)NC(=O)[C@@H](O)CCN)OC[C@]1(C)O
Diphenoxylate,CCOC(=O)C1(CCN(CCC(C#N)(C2=CC=CC=C2)C2=CC=CC=C2)CC1)C1=CC=CC=C1
Epirubicin,COC1=CC=CC2=C1C(=O)C1=C(O)C3=C(C[C@](O)(C[C@@H]3O[C@H]3C[C@H](N)[C@@H](O)[C@H](C)O3)C(=O)CO)C(O)=C1C2=O
Umeclidinium,OC(C1=CC=CC=C1)(C1=CC=CC=C1)C12CC[N+](CCOCC3=CC=CC=C3)(CC1)CC2
Amiodarone,CCCCC1=C(C(=O)C2=CC(I)=C(OCCN(CC)CC)C(I)=C2)C2=C(O1)C=CC=C2
Dapsone,NC1=CC=C(C=C1)S(=O)(=O)C1=CC=C(N)C=C1
Buspirone,O=C1CC2(CCCC2)CC(=O)N1CCCCN1CCN(CC1)C1=NC=CC=N1
Furosemide,NS(=O)(=O)C1=C(Cl)C=C(NCC2=CC=CO2)C(=C1)C(O)=O
Rilpivirine,CC1=CC(\C=C\C#N)=CC(C)=C1NC1=CC=NC(NC2=CC=C(C=C2)C#N)=N1
Carteolol,CC(C)(C)NCC(O)COC1=CC=CC2=C1CCC(=O)N2
Olaparib,FC1=CC=C(CC2=NNC(=O)C3=CC=CC=C23)C=C1C(=O)N1CCN(CC1)C(=O)C1CC1
Duloxetine,CNCC[C@H](OC1=CC=CC2=CC=CC=C12)C1=CC=CS1
Phenyltoloxamine,CN(C)CCOC1=CC=CC=C1CC1=CC=CC=C1
Pantoprazole,COC1=C(OC)C(CS(=O)C2=NC3=C(N2)C=C(OC(F)F)C=C3)=NC=C1
Lumacaftor,CC1=CC=C(NC(=O)C2(CC2)C2=CC=C3OC(F)(F)OC3=C2)N=C1C1=CC(=CC=C1)C(O)=O
Ethionamide,CCC1=NC=CC(=C1)C(N)=S
Telbivudine,CC1=CN([C@@H]2C[C@@H](O)[C@H](CO)O2)C(=O)NC1=O
Pomalidomide,NC1=C2C(=O)N(C3CCC(=O)NC3=O)C(=O)C2=CC=C1
Meclizine,CC1=CC(CN2CCN(CC2)C(C2=CC=CC=C2)C2=CC=C(Cl)C=C2)=CC=C1
Propantheline,CC(C)[N+](C)(CCOC(=O)C1C2=CC=CC=C2OC2=CC=CC=C12)C(C)C
Degarelix,CC(C)C[C@H](NC(=O)[C@@H](CC1=CC=C(NC(N)=O)C=C1)NC(=O)[C@H](CC1=CC=C(NC(=O)[C@@H]2CC(=O)NC(=O)N2)C=C1)NC(=O)[C@H](CO)NC(=O)[C@@H](CC1=CC=CN=C1)NC(=O)[C@@H](CC1=CC=C(Cl)C=C1)NC(=O)[C@@H](CC1=CC=C2C=CC=CC2=C1)NC(C)=O)C(=O)N[C@@H](CCCCNC(C)C)C(=O)N1CCC[C@H]1C(=O)N[C@H](C)C(N)=O
Streptomycin,CN[C@H]1[C@H](O)[C@@H](O)[C@H](CO)O[C@H]1O[C@H]1[C@H](O[C@H]2[C@H](O)[C@@H](O)[C@H](NC(N)=N)[C@@H](O)[C@@H]2NC(N)=N)O[C@@H](C)[C@]1(O)C=O
Nimodipine,COCCOC(=O)C1=C(C)NC(C)=C(C1C1=CC(=CC=C1)[N+]([O-])=O)C(=O)OC(C)C
Loperamide,CN(C)C(=O)C(CCN1CCC(O)(CC1)C1=CC=C(Cl)C=C1)(C1=CC=CC=C1)C1=CC=CC=C1
Chlorphenesin,OCC(O)COC1=CC=C(Cl)C=C1
Zonisamide,NS(=O)(=O)CC1=NOC2=CC=CC=C12
Idarubicin,C[C@@H]1O[C@H](C[C@H](N)[C@@H]1O)O[C@H]1C[C@@](O)(CC2=C1C(O)=C1C(=O)C3=CC=CC=C3C(=O)C1=C2O)C(C)=O
Idelalisib,[H][C@@](CC)(NC1=NC=NC2=C1N=CN2)C1=NC2=CC=CC(F)=C2C(=O)N1C1=CC=CC=C1
Dasatinib,CC1=NC(NC2=NC=C(S2)C(=O)NC2=C(C)C=CC=C2Cl)=CC(=N1)N1CCN(CCO)CC1
Primaquine,COC1=CC(NC(C)CCCN)=C2N=CC=CC2=C1
Nevirapine,CC1=C2NC(=O)C3=C(N=CC=C3)N(C3CC3)C2=NC=C1
Brexpiprazole,O=C1NC2=CC(OCCCCN3CCN(CC3)C3=C4C=CSC4=CC=C3)=CC=C2C=C1
Anagrelide,ClC1=CC=C2N=C3NC(=O)CN3CC2=C1Cl
Acetaminophen,CC(=O)NC1=CC=C(O)C=C1
Pindolol,CC(C)NCC(O)COC1=CC=CC2=C1C=CN2
Iron,[Fe]
Deferiprone,CN1C=CC(=O)C(O)=C1C
Meclofenamic acid,CC1=C(Cl)C(NC2=CC=CC=C2C(O)=O)=C(Cl)C=C1
Astemizole,COC1=CC=C(CCN2CCC(CC2)NC2=NC3=CC=CC=C3N2CC2=CC=C(F)C=C2)C=C1
Lisdexamfetamine,C[C@@H](CC1=CC=CC=C1)NC(=O)[C@@H](N)CCCCN
Ribociclib,CN(C)C(=O)C1=CC2=CN=C(NC3=CC=C(C=N3)N3CCNCC3)N=C2N1C1CCCC1
Letrozole,N#CC1=CC=C(C=C1)C(N1C=NC=N1)C1=CC=C(C=C1)C#N
Pirfenidone,CC1=CN(C(=O)C=C1)C1=CC=CC=C1
Metoprolol,COCCC1=CC=C(OCC(O)CNC(C)C)C=C1
Calcium lactate,[Ca++].CC(O)C([O-])=O.CC(O)C([O-])=O
Diazoxide,CC1=NS(=O)(=O)C2=C(N1)C=CC(Cl)=C2
Amifostine,NCCCNCCSP(O)(O)=O
Piroxicam,CN1C(C(=O)NC2=NC=CC=C2)=C(O)C2=C(C=CC=C2)S1(=O)=O
Secnidazole,CC(O)CN1C(C)=NC=C1N(=O)=O
Perampanel,O=C1N(C=C(C=C1C1=CC=CC=C1C#N)C1=NC=CC=C1)C1=CC=CC=C1
Trandolapril,[H][C@@]12C[C@H](N(C(=O)[C@H](C)N[C@@H](CCC3=CC=CC=C3)C(=O)OCC)[C@@]1([H])CCCC2)C(O)=O
Safinamide,C[C@H](NCC1=CC=C(OCC2=CC(F)=CC=C2)C=C1)C(N)=O
Iohexol,CC(=O)N(CC(O)CO)C1=C(I)C(C(=O)NCC(O)CO)=C(I)C(C(=O)NCC(O)CO)=C1I
Oxcarbazepine,NC(=O)N1C2=CC=CC=C2CC(=O)C2=C1C=CC=C2
Larotrectinib,O[C@H]1CCN(C1)C(=O)NC1=C2N=C(C=CN2N=C1)N1CCC[C@@H]1C1=C(F)C=CC(F)=C1
Nebivolol,OC(CNCC(O)C1CCC2=C(O1)C=CC(F)=C2)C1CCC2=C(O1)C=CC(F)=C2
Orciprenaline,CC(C)NCC(O)C1=CC(O)=CC(O)=C1
Acetazolamide,CC(=O)NC1=NN=C(S1)S(N)(=O)=O
Salmeterol,OCC1=C(O)C=CC(=C1)C(O)CNCCCCCCOCCCCC1=CC=CC=C1
Felbamate,NC(=O)OCC(COC(N)=O)C1=CC=CC=C1
Fenoprofen,CC(C(O)=O)C1=CC(OC2=CC=CC=C2)=CC=C1
Fluorouracil,FC1=CNC(=O)NC1=O
Cabazitaxel,[H][C@]12[C@H](OC(=O)C3=CC=CC=C3)[C@]3(O)C[C@H](OC(=O)[C@H](O)[C@@H](NC(=O)OC(C)(C)C)C4=CC=CC=C4)C(C)=C([C@@H](OC)C(=O)[C@]1(C)[C@H](C[C@H]1OC[C@@]21OC(C)=O)OC)C3(C)C
Dolasetron,[H][C@@]1(C[C@@]2([H])C[C@]3([H])C[C@@]([H])(C1)N2CC3=O)OC(=O)C1=CNC2=C1C=CC=C2
Levosalbutamol,CC(C)(C)NC[C@H](O)C1=CC(CO)=C(O)C=C1
Apomorphine,[H][C@]12CC3=C(C(O)=C(O)C=C3)C3=CC=CC(CCN1C)=C23
Venlafaxine,COC1=CC=C(C=C1)C(CN(C)C)C1(O)CCCCC1
Ruxolitinib,N#CC[C@H](C1CCCC1)N1C=C(C=N1)C1=C2C=CNC2=NC=N1
Mefenamic acid,CC1=C(C)C(NC2=CC=CC=C2C(O)=O)=CC=C1
Ospemifene,OCCOC1=CC=C(C=C1)C(=C(\CCCl)C1=CC=CC=C1)\C1=CC=CC=C1
Brompheniramine,CN(C)CCC(C1=CC=C(Br)C=C1)C1=CC=CC=N1
Estazolam,ClC1=CC2=C(C=C1)N1C=NN=C1CN=C2C1=CC=CC=C1
Cyclobenzaprine,CN(C)CCC=C1C2=CC=CC=C2C=CC2=CC=CC=C12
Temozolomide,CN1N=NC2=C(N=CN2C1=O)C(N)=O
Busulfan,CS(=O)(=O)OCCCCOS(C)(=O)=O
Dronedarone,CCCCN(CCCC)CCCOC1=CC=C(C=C1)C(=O)C1=C(CCCC)OC2=C1C=C(NS(C)(=O)=O)C=C2
Fluphenazine,OCCN1CCN(CCCN2C3=CC=CC=C3SC3=C2C=C(C=C3)C(F)(F)F)CC1
Cyclizine,CN1CCN(CC1)C(C1=CC=CC=C1)C1=CC=CC=C1
Letermovir,COC1=CC=CC(=C1)N1CCN(CC1)C1=NC2=C(C=CC=C2F)[C@H](CC(O)=O)N1C1=CC(=CC=C1OC)C(F)(F)F
Methyltestosterone,[H][C@@]12CC[C@](C)(O)[C@@]1(C)CC[C@@]1([H])[C@@]2([H])CCC2=CC(=O)CC[C@]12C
Paliperidone,CC1=C(CCN2CCC(CC2)C2=NOC3=C2C=CC(F)=C3)C(=O)N2CCCC(O)C2=N1
Lumefantrine,CCCCN(CCCC)CC(O)C1=C2C(=CC(Cl)=C1)\C(=C/C1=CC=C(Cl)C=C1)C1=C2C=CC(Cl)=C1
Ritodrine,C[C@@H](NCCC1=CC=C(O)C=C1)[C@@H](O)C1=CC=C(O)C=C1
Butabarbital,CCC(C)C1(CC)C(=O)NC(=O)NC1=O
Minoxidil,NC1=CC(=NC(N)=[N+]1[O-])N1CCCCC1
Ganciclovir,NC1=NC2=C(N=CN2COC(CO)CO)C(=O)N1
Dopamine,NCCC1=CC(O)=C(O)C=C1
Pemetrexed,NC1=NC(=O)C2=C(NC=C2CCC2=CC=C(C=C2)C(=O)N[C@@H](CCC(O)=O)C(O)=O)N1
Hydroxyzine,OCCOCCN1CCN(CC1)C(C1=CC=CC=C1)C1=CC=C(Cl)C=C1
Trimethobenzamide,COC1=CC(=CC(OC)=C1OC)C(=O)NCC1=CC=C(OCCN(C)C)C=C1
Orlistat,CCCCCCCCCCC[C@@H](C[C@@H]1OC(=O)[C@H]1CCCCCC)OC(=O)[C@H](CC(C)C)NC=O
Vismodegib,CS(=O)(=O)C1=CC(Cl)=C(C=C1)C(=O)NC1=CC=C(Cl)C(=C1)C1=CC=CC=N1
Nelarabine,COC1=NC(N)=NC2=C1N=CN2[C@@H]1O[C@H](CO)[C@@H](O)[C@@H]1O
Rifapentine,CO[C@H]1\C=C\O[C@@]2(C)OC3=C(C2=O)C2=C(C(O)=C3C)C(O)=C(NC(=O)\C(C)=C/C=C/[C@H](C)[C@H](O)[C@@H](C)[C@@H](O)[C@@H](C)[C@H](OC(C)=O)[C@@H]1C)C(\C=N\N1CCN(CC1)C1CCCC1)=C2O
Carfilzomib,CC(C)C[C@H](NC(=O)[C@H](CCC1=CC=CC=C1)NC(=O)CN1CCOCC1)C(=O)N[C@@H](CC1=CC=CC=C1)C(=O)N[C@@H](CC(C)C)C(=O)[C@@]1(C)CO1
Mazindol,OC1(N2CCN=C2C2=CC=CC=C12)C1=CC=C(Cl)C=C1
Felodipine,CCOC(=O)C1=C(C)NC(C)=C(C1C1=C(Cl)C(Cl)=CC=C1)C(=O)OC
Phenobarbital,CCC1(C(=O)NC(=O)NC1=O)C1=CC=CC=C1
Clonazepam,[O-][N+](=O)C1=CC2=C(NC(=O)CN=C2C2=CC=CC=C2Cl)C=C1
Flibanserin,FC(F)(F)C1=CC(=CC=C1)N1CCN(CCN2C(=O)NC3=CC=CC=C23)CC1
Chenodeoxycholic acid,[H][C@@]1(CC[C@@]2([H])[C@]3([H])[C@H](O)C[C@]4([H])C[C@H](O)CC[C@]4(C)[C@@]3([H])CC[C@]12C)[C@H](C)CCC(O)=O
Esketamine,CN[C@@]1(CCCCC1=O)C1=CC=CC=C1Cl
Vinblastine,[H][C@@]12N(C)C3=CC(OC)=C(C=C3[C@@]11CCN3CC=C[C@@](CC)([C@@H](OC(C)=O)[C@]2(O)C(=O)OC)[C@@]13[H])[C@]1(C[C@@]2([H])CN(C[C@](O)(CC)C2)CCC2=C1NC1=C2C=CC=C1)C(=O)OC
Procainamide,CCN(CC)CCNC(=O)C1=CC=C(N)C=C1
Iodixanol,CC(=O)N(CC(O)CN(C(C)=O)C1=C(I)C(C(=O)NCC(O)CO)=C(I)C(C(=O)NCC(O)CO)=C1I)C1=C(I)C(C(=O)NCC(O)CO)=C(I)C(C(=O)NCC(O)CO)=C1I
Calcium citrate,[Ca++].[Ca++].[Ca++].OC(CC([O-])=O)(CC([O-])=O)C([O-])=O.OC(CC([O-])=O)(CC([O-])=O)C([O-])=O
Ifosfamide,ClCCNP1(=O)OCCCN1CCCl
Rivaroxaban,[H][C@]1(CNC(=O)C2=CC=C(Cl)S2)CN(C(=O)O1)C1=CC=C(C=C1)N1CCOCC1=O
Norfloxacin,CCN1C=C(C(O)=O)C(=O)C2=CC(F)=C(C=C12)N1CCNCC1
Dextropropoxyphene,CCC(=O)O[C@@](CC1=CC=CC=C1)([C@H](C)CN(C)C)C1=CC=CC=C1
Ioxilan,CC(=O)N(CC(O)CO)C1=C(I)C(C(=O)NCC(O)CO)=C(I)C(C(=O)NCCO)=C1I
Paramethadione,CCC1(C)OC(=O)N(C)C1=O
Anastrozole,CC(C)(C#N)C1=CC(=CC(CN2C=NC=N2)=C1)C(C)(C)C#N
Valbenazine,COC1=C(OC)C=C2[C@H]3C[C@@H](OC(=O)[C@@H](N)C(C)C)[C@H](CC(C)C)CN3CCC2=C1
Histamine,NCCC1=CNC=N1
Mebendazole,COC(=O)NC1=NC2=C(N1)C=C(C=C2)C(=O)C1=CC=CC=C1
Haloperidol,OC1(CCN(CCCC(=O)C2=CC=C(F)C=C2)CC1)C1=CC=C(Cl)C=C1
Treprostinil,[H][C@]12C[C@@H](O)[C@H](CC[C@@H](O)CCCCC)[C@@]1([H])CC1=C(C2)C(OCC(O)=O)=CC=C1
Levothyroxine,N[C@@H](CC1=CC(I)=C(OC2=CC(I)=C(O)C(I)=C2)C(I)=C1)C(O)=O
Gemfibrozil,CC1=CC(OCCCC(C)(C)C(O)=O)=C(C)C=C1
Bivalirudin,CC[C@H](C)[C@H](NC(=O)[C@H](CCC(O)=O)NC(=O)[C@H](CCC(O)=O)NC(=O)[C@H](CC1=CC=CC=C1)NC(=O)[C@H](CC(O)=O)NC(=O)CNC(=O)[C@H](CC(N)=O)NC(=O)CNC(=O)CNC(=O)CNC(=O)CNC(=O)[C@@H]1CCCN1C(=O)[C@H](CCCNC(N)=N)NC(=O)[C@@H]1CCCN1C(=O)[C@H](N)CC1=CC=CC=C1)C(=O)N1CCC[C@H]1C(=O)N[C@@H](CCC(O)=O)C(=O)N[C@@H](CCC(O)=O)C(=O)N[C@@H](CC1=CC=C(O)C=C1)C(=O)N[C@@H](CC(C)C)C(O)=O
Metoclopramide,CCN(CC)CCNC(=O)C1=CC(Cl)=C(N)C=C1OC
Ziprasidone,ClC1=C(CCN2CCN(CC2)C2=NSC3=CC=CC=C23)C=C2CC(=O)NC2=C1
Olsalazine,OC(=O)C1=CC(=CC=C1O)\N=N\C1=CC=C(O)C(=C1)C(O)=O
Doxacurium,COC1=CC(CC2C3=C(OC)C(OC)=C(OC)C=C3CC[N+]2(C)CCCOC(=O)CCC(=O)OCCC[N+]2(C)CCC3=CC(OC)=C(OC)C(OC)=C3C2CC2=CC(OC)=C(OC)C(OC)=C2)=CC(OC)=C1OC
Desvenlafaxine,CN(C)CC(C1=CC=C(O)C=C1)C1(O)CCCCC1
Bendamustine,CN1C(CCCC(O)=O)=NC2=CC(=CC=C12)N(CCCl)CCCl
Mitotane,ClC(Cl)C(C1=CC=C(Cl)C=C1)C1=CC=CC=C1Cl
Methylergometrine,[H][C@@]12CC3=CNC4=CC=CC(=C34)C1=C[C@H](CN2C)C(=O)N[C@@H](CC)CO
Nilutamide,CC1(C)NC(=O)N(C1=O)C1=CC(=C(C=C1)[N+]([O-])=O)C(F)(F)F
Telavancin,CCCCCCCCCCNCCN[C@@]1(C)C[C@H](O[C@@H]2[C@@H](O)[C@H](O)[C@@H](CO)O[C@H]2OC2=C3OC4=CC=C(C=C4Cl)[C@@H](O)[C@@H](NC(=O)[C@@H](CC(C)C)NC)C(=O)N[C@@H](CC(N)=O)C(=O)N[C@@H]4C(C=C2OC2=C(Cl)C=C(C=C2)[C@@H](O)[C@@H]2NC(=O)[C@H](NC4=O)C4=CC(=C(O)C=C4)C4=C(O)C(CNCP(O)(O)=O)=C(O)C=C4[C@H](NC2=O)C(O)=O)=C3)O[C@@H](C)[C@H]1O
Fedratinib,CC1=CN=C(NC2=CC=C(OCCN3CCCC3)C=C2)N=C1NC1=CC=CC(=C1)S(=O)(=O)NC(C)(C)C
Benzatropine,[H][C@]12CC[C@]([H])(C[C@@]([H])(C1)OC(C1=CC=CC=C1)C1=CC=CC=C1)N2C
Dexbrompheniramine,CN(C)CC[C@@H](C1=CC=C(Br)C=C1)C1=CC=CC=N1
Rivastigmine,CCN(C)C(=O)OC1=CC=CC(=C1)[C@H](C)N(C)C
Tacrolimus,CO[C@@H]1C[C@@H](CC[C@H]1O)\C=C(/C)[C@H]1OC(=O)[C@@H]2CCCCN2C(=O)C(=O)[C@]2(O)O[C@@H]([C@H](C[C@H]2C)OC)[C@H](C[C@@H](C)C\C(C)=C\[C@@H](CC=C)C(=O)C[C@H](O)[C@H]1C)OC
Succinylcholine,C[N+](C)(C)CCOC(=O)CCC(=O)OCC[N+](C)(C)C
Valdecoxib,CC1=C(C(=NO1)C1=CC=CC=C1)C1=CC=C(C=C1)S(N)(=O)=O
Diethylstilbestrol,CC\C(=C(\CC)C1=CC=C(O)C=C1)C1=CC=C(O)C=C1
Deflazacort,[H][C@@]12C[C@@]3([H])[C@]4([H])CCC5=CC(=O)C=C[C@]5(C)[C@@]4([H])[C@@]([H])(O)C[C@]3(C)[C@@]1(N=C(C)O2)C(=O)COC(C)=O
Sparfloxacin,C[C@H]1CN(C[C@@H](C)N1)C1=C(F)C(N)=C2C(=O)C(=CN(C3CC3)C2=C1F)C(O)=O
Etidronic acid,CC(O)(P(O)(O)=O)P(O)(O)=O
Methotrimeprazine,COC1=CC2=C(SC3=C(C=CC=C3)N2C[C@H](C)CN(C)C)C=C1
Pravastatin,[H][C@]12[C@H](C[C@H](O)C=C1C=C[C@H](C)[C@@H]2CC[C@@H](O)C[C@@H](O)CC(O)=O)OC(=O)[C@@H](C)CC
Omeprazole,COC1=CC2=C(C=C1)N=C(N2)S(=O)CC1=NC=C(C)C(OC)=C1C
Nitrous acid,ON=O
Maprotiline,CNCCCC12CCC(C3=CC=CC=C13)C1=CC=CC=C21
Fondaparinux,CO[C@H]1O[C@H](COS(O)(=O)=O)[C@@H](O[C@@H]2O[C@H]([C@@H](O[C@H]3O[C@H](COS(O)(=O)=O)[C@@H](O[C@@H]4O[C@@H]([C@@H](O[C@H]5O[C@H](COS(O)(=O)=O)[C@@H](O)[C@H](O)[C@H]5NS(O)(=O)=O)[C@H](O)[C@H]4O)C(O)=O)[C@H](OS(O)(=O)=O)[C@H]3NS(O)(=O)=O)[C@H](O)[C@H]2OS(O)(=O)=O)C(O)=O)[C@H](O)[C@H]1NS(O)(=O)=O
Nintedanib,COC(=O)C1=CC=C2C(NC(=O)\C2=C(/NC2=CC=C(C=C2)N(C)C(=O)CN2CCN(C)CC2)C2=CC=CC=C2)=C1
Atazanavir,COC(=O)N[C@H](C(=O)N[C@@H](CC1=CC=CC=C1)[C@@H](O)CN(CC1=CC=C(C=C1)C1=CC=CC=N1)NC(=O)[C@@H](NC(=O)OC)C(C)(C)C)C(C)(C)C
Nadolol,CC(C)(C)NCC(O)COC1=CC=CC2=C1C[C@H](O)[C@H](O)C2
Anisindione,COC1=CC=C(C=C1)C1C(=O)C2=CC=CC=C2C1=O
Ripretinib,CCN1C(=O)C(=CC2=C1C=C(NC)N=C2)C1=C(Br)C=C(F)C(NC(=O)NC2=CC=CC=C2)=C1
Milnacipran,CCN(CC)C(=O)C1(CC1CN)C1=CC=CC=C1
Siponimod,CCC1=CC(=CC=C1CN1CC(C1)C(O)=O)C(\C)=N\OCC1=CC=C(C2CCCCC2)C(=C1)C(F)(F)F
Dofetilide,CN(CCOC1=CC=C(NS(C)(=O)=O)C=C1)CCC1=CC=C(NS(C)(=O)=O)C=C1
Iodide I-131,[131I-]
Chlormezanone,CN1C(C2=CC=C(Cl)C=C2)S(=O)(=O)CCC1=O
Trimipramine,CC(CN(C)C)CN1C2=CC=CC=C2CCC2=CC=CC=C12
Chlorothiazide,NS(=O)(=O)C1=C(Cl)C=C2NC=NS(=O)(=O)C2=C1
Reserpine,[H][C@]12C[C@@H](OC(=O)C3=CC(OC)=C(OC)C(OC)=C3)[C@H](OC)[C@@H](C(=O)OC)[C@@]1([H])C[C@@]1([H])N(CCC3=C1NC1=C3C=CC(OC)=C1)C2
Dimenhydrinate,CN1C2=C(N=C(Cl)N2)C(=O)N(C)C1=O.CN(C)CCOC(C1=CC=CC=C1)C1=CC=CC=C1
Hydrocodone,[H][C@@]12OC3=C(OC)C=CC4=C3[C@@]11CCN(C)[C@]([H])(C4)[C@]1([H])CCC2=O
Irbesartan,CCCCC1=NC2(CCCC2)C(=O)N1CC1=CC=C(C=C1)C1=CC=CC=C1C1=NNN=N1
Irinotecan,CCC1=C2CN3C(=CC4=C(COC(=O)[C@]4(O)CC)C3=O)C2=NC2=CC=C(OC(=O)N3CCC(CC3)N3CCCCC3)C=C12
Abiraterone,[H][C@@]12CC=C(C3=CC=CN=C3)[C@@]1(C)CC[C@@]1([H])[C@@]2([H])CC=C2C[C@@H](O)CC[C@]12C
Alprazolam,CC1=NN=C2CN=C(C3=CC=CC=C3)C3=C(C=CC(Cl)=C3)N12
Methoxyflurane,COC(F)(F)C(Cl)Cl
Ondansetron,CN1C2=C(C3=CC=CC=C13)C(=O)C(CN1C=CN=C1C)CC2
Norgestimate,[H][C@@]12CC[C@@](OC(C)=O)(C#C)[C@@]1(CC)CC[C@]1([H])[C@@]3([H])CC\C(C=C3CC[C@@]21[H])=N/O
Belinostat,ONC(=O)\C=C\C1=CC=CC(=C1)S(=O)(=O)NC1=CC=CC=C1
Lurasidone,[H][C@@]12[C@H]3CC[C@H](C3)[C@]1([H])C(=O)N(C[C@@H]1CCCC[C@H]1CN1CCN(CC1)C1=NSC3=CC=CC=C13)C2=O
Nabumetone,COC1=CC2=C(C=C1)C=C(CCC(C)=O)C=C2
Osilodrostat,FC1=C(C=CC(=C1)C#N)[C@H]1CCC2=CN=CN12
Itraconazole,CCC(C)N1N=CN(C1=O)C1=CC=C(C=C1)N1CCN(CC1)C1=CC=C(OC[C@H]2CO[C@@](CN3C=NC=N3)(O2)C2=C(Cl)C=C(Cl)C=C2)C=C1
Indinavir,CC(C)(C)NC(=O)[C@@H]1CN(CC2=CN=CC=C2)CCN1C[C@@H](O)C[C@@H](CC1=CC=CC=C1)C(=O)N[C@@H]1[C@H](O)CC2=CC=CC=C12
Bosutinib,COC1=CC(NC2=C(C=NC3=CC(OCCCN4CCN(C)CC4)=C(OC)C=C23)C#N)=C(Cl)C=C1Cl
Betaxolol,CC(C)NCC(O)COC1=CC=C(CCOCC2CC2)C=C1
Sevelamer,NCC=C.ClCC1CO1
Dexlansoprazole,CC1=C(OCC(F)(F)F)C=CN=C1C[S@@](=O)C1=NC2=CC=CC=C2N1
Lisinopril,NCCCC[C@H](N[C@@H](CCC1=CC=CC=C1)C(O)=O)C(=O)N1CCC[C@H]1C(O)=O
Lofexidine,CC(OC1=C(Cl)C=CC=C1Cl)C1=NCCN1
Acetylcholine,CC(=O)OCC[N+](C)(C)C
Carbinoxamine,CN(C)CCOC(C1=CC=C(Cl)C=C1)C1=CC=CC=N1
Remifentanil,CCC(=O)N(C1=CC=CC=C1)C1(CCN(CCC(=O)OC)CC1)C(=O)OC
Isoxsuprine,C[C@H](COC1=CC=CC=C1)N[C@H](C)[C@@H](O)C1=CC=C(O)C=C1
Selegiline,C[C@H](CC1=CC=CC=C1)N(C)CC#C
Eliglustat,CCCCCCCC(=O)N[C@H](CN1CCCC1)[C@H](O)C1=CC=C2OCCOC2=C1
Neostigmine,CN(C)C(=O)OC1=CC(=CC=C1)[N+](C)(C)C
Sulfamethizole,CC1=NN=C(NS(=O)(=O)C2=CC=C(N)C=C2)S1
Saquinavir,[H][C@@]12CCCC[C@]1([H])CN(C[C@@H](O)[C@H](CC1=CC=CC=C1)NC(=O)[C@H](CC(N)=O)NC(=O)C1=NC3=C(C=CC=C3)C=C1)[C@@H](C2)C(=O)NC(C)(C)C
Pentamidine,NC(=N)C1=CC=C(OCCCCCOC2=CC=C(C=C2)C(N)=N)C=C1
Estrone sulfate,[H][C@@]12CCC(=O)[C@@]1(C)CC[C@]1([H])C3=C(CC[C@@]21[H])C=C(OS(O)(=O)=O)C=C3
Oxytetracycline,[H][C@@]12[C@@H](O)[C@@]3([H])C(C(=O)C4=C(C=CC=C4O)[C@@]3(C)O)=C(O)[C@]1(O)C(=O)C(C(N)=O)=C(O)[C@H]2N(C)C
Aminophylline,NCCN.CN1C2=C(NC=N2)C(=O)N(C)C1=O.CN1C2=C(NC=N2)C(=O)N(C)C1=O
Capecitabine,CCCCCOC(=O)NC1=NC(=O)N(C=C1F)[C@@H]1O[C@H](C)[C@@H](O)[C@H]1O
Methylene blue,[Cl-].CN(C)C1=CC2=[S+]C3=C(C=CC(=C3)N(C)C)N=C2C=C1
Vincristine,[H][C@@]12N3CC[C@@]11C4=C(C=C(OC)C(=C4)[C@]4(C[C@H]5C[N@](C[C@](O)(CC)C5)CCC5=C4NC4=CC=CC=C54)C(=O)OC)N(C=O)[C@@]1([H])[C@](O)([C@H](OC(C)=O)[C@]2(CC)C=CC3)C(=O)OC
Colchicine,COC1=CC2=C(C(OC)=C1OC)C1=CC=C(OC)C(=O)C=C1[C@H](CC2)NC(C)=O
Indomethacin,COC1=CC2=C(C=C1)N(C(=O)C1=CC=C(Cl)C=C1)C(C)=C2CC(O)=O
Paritaprevir,[H][C@@]12C[C@]1(NC(=O)[C@]1([H])C[C@H](CN1C(=O)[C@H](CCCCC\C=C/2)NC(=O)C1=CN=C(C)C=N1)OC1=NC2=C(C=CC=C2)C2=C1C=CC=C2)C(=O)NS(=O)(=O)C1CC1
Sucralfate,O.O[Al](O)O.O[Al](O)OS(=O)(=O)OC[C@H]1O[C@@](COS(=O)(=O)O[Al](O)O)(O[C@H]2O[C@H](COS(=O)(=O)O[Al](O)O)[C@@H](OS(=O)(=O)O[Al](O)O)[C@H](OS(=O)(=O)O[Al](O)O)[C@H]2OS(=O)(=O)O[Al](O)O)[C@@H](OS(=O)(=O)O[Al](O)O)[C@@H]1OS(=O)(=O)O[Al](O)O
Teniposide,[H][C@]12COC(=O)[C@]1([H])[C@H](C1=CC(OC)=C(O)C(OC)=C1)C1=C(C=C3OCOC3=C1)[C@H]2O[C@]1([H])O[C@]2([H])CO[C@H](O[C@@]2([H])[C@H](O)[C@H]1O)C1=CC=CS1
Choline salicylate,C[N+](C)(C)CCO.OC1=CC=CC=C1C([O-])=O
Grepafloxacin,CC1CN(CCN1)C1=C(F)C(C)=C2C(=O)C(=CN(C3CC3)C2=C1)C(O)=O
Ixabepilone,[H][C@]12C[C@H](NC(=O)C[C@H](O)C(C)(C)C(=O)[C@H](C)[C@@H](O)[C@@H](C)CCC[C@@]1(C)O2)C(\C)=C\C1=CSC(C)=N1
Ropinirole,CCCN(CCC)CCC1=C2CC(=O)NC2=CC=C1
Mefloquine,OC(C1CCCCN1)C1=CC(=NC2=C1C=CC=C2C(F)(F)F)C(F)(F)F
Darunavir,[H][C@@]12CCO[C@]1([H])OC[C@@H]2OC(=O)N[C@@H](CC1=CC=CC=C1)[C@H](O)CN(CC(C)C)S(=O)(=O)C1=CC=C(N)C=C1
Captopril,C[C@H](CS)C(=O)N1CCC[C@H]1C(O)=O
Glycerol phenylbutyrate,O=C(CCCC1=CC=CC=C1)OCC(COC(=O)CCCC1=CC=CC=C1)OC(=O)CCCC1=CC=CC=C1
Praziquantel,O=C(C1CCCCC1)N1CC2N(CCC3=CC=CC=C23)C(=O)C1
Rapacuronium,[H][C@@]12C[C@@H]([C@H](OC(=O)CC)[C@@]1(C)CC[C@@]1([H])[C@@]2([H])CC[C@@]2([H])C[C@H](OC(C)=O)[C@H](C[C@]12C)N1CCCCC1)[N+]1(CC=C)CCCCC1
Methazolamide,CN1N=C(S\C1=N\C(C)=O)S(N)(=O)=O
Paroxetine,FC1=CC=C(C=C1)[C@@H]1CCNC[C@H]1COC1=CC2=C(OCO2)C=C1
Binimetinib,CN1C=NC2=C(F)C(NC3=CC=C(Br)C=C3F)=C(C=C12)C(=O)NOCCO
Trospium,[H][C@]12CC[C@]([H])(C[C@@H](C1)OC(=O)C(O)(C1=CC=CC=C1)C1=CC=CC=C1)[N+]21CCCC1
Norethisterone,[H][C@@]12CC[C@@](O)(C#C)[C@@]1(C)CC[C@]1([H])[C@@]3([H])CCC(=O)C=C3CC[C@@]21[H]
Azathioprine,CN1C=NC(=C1SC1=NC=NC2=C1NC=N2)[N+]([O-])=O
Lidocaine,CCN(CC)CC(=O)NC1=C(C)C=CC=C1C
Darifenacin,NC(=O)C([C@@H]1CCN(CCC2=CC3=C(OCC3)C=C2)C1)(C1=CC=CC=C1)C1=CC=CC=C1
Semaglutide,CC[C@H](C)[C@H](NC(=O)[C@H](CC1=CC=CC=C1)NC(=O)[C@H](CCC(O)=O)NC(=O)[C@H](CCCCNC(=O)COCCOCCNC(=O)COCCOCCNC(=O)CC[C@@H](NC(=O)CCCCCCCCCCCCCCCCC(O)=O)C(O)=O)NC(=O)[C@H](C)NC(=O)[C@H](C)NC(=O)[C@H](CCC(N)=O)NC(=O)CNC(=O)[C@H](CCC(O)=O)NC(=O)[C@H](CC(C)C)NC(=O)[C@H](CC1=CC=C(O)C=C1)NC(=O)[C@H](CO)NC(=O)[C@H](CO)NC(=O)[C@@H](NC(=O)[C@H](CC(O)=O)NC(=O)[C@H](CO)NC(=O)[C@@H](NC(=O)[C@H](CC1=CC=CC=C1)NC(=O)[C@@H](NC(=O)CNC(=O)[C@H](CCC(O)=O)NC(=O)C(C)(C)NC(=O)[C@@H](N)CC1=CN=CN1)[C@@H](C)O)[C@@H](C)O)C(C)C)C(=O)N[C@@H](C)C(=O)N[C@@H](CC1=CNC2=C1C=CC=C2)C(=O)N[C@@H](CC(C)C)C(=O)N[C@@H](C(C)C)C(=O)N[C@@H](CCCNC(N)=N)C(=O)NCC(=O)N[C@@H](CCCNC(N)=N)C(=O)NCC(O)=O
Protriptyline,CNCCCC1C2=CC=CC=C2C=CC2=CC=CC=C12
Calcifediol,C[C@H](CCCC(C)(C)O)[C@@]1([H])CC[C@@]2([H])\C(CCC[C@]12C)=C\C=C1\C[C@@H](O)CCC1=C
Talazoparib,CN1N=CN=C1[C@@H]1[C@H](NC2=C3C1=NNC(=O)C3=CC(F)=C2)C1=CC=C(F)C=C1
Benazepril,[H][C@@]1(CCC2=CC=CC=C2N(CC(O)=O)C1=O)N[C@@H](CCC1=CC=CC=C1)C(=O)OCC
Lorazepam,OC1N=C(C2=CC=CC=C2Cl)C2=C(NC1=O)C=CC(Cl)=C2
Tetracaine,CCCCNC1=CC=C(C=C1)C(=O)OCCN(C)C
Kava,COC1=CC(=O)OC(C1)\C=C\C1=CCCC=C1
Thiotepa,S=P(N1CC1)(N1CC1)N1CC1
Linaclotide,[H][C@]1(CSSC[C@]2([H])NC(=O)[C@H](CC3=CC=C(O)C=C3)NC(=O)[C@H](CCC(O)=O)NC(=O)[C@@H]3CSSC[C@H](NC(=O)[C@H](C)NC(=O)[C@@H]4CCCN4C(=O)[C@H](CC(N)=O)NC(=O)[C@H](CSSC[C@H](N)C(=O)N3)NC2=O)C(=O)N[C@@]([H])([C@@H](C)O)C(=O)NCC(=O)N1)C(=O)N[C@@H](CC1=CC=C(O)C=C1)C(O)=O
Vilazodone,NC(=O)C1=CC2=CC(=CC=C2O1)N1CCN(CCCCC2=CNC3=C2C=C(C=C3)C#N)CC1
Nitroprusside,O=N[Fe--](C#N)(C#N)(C#N)(C#N)C#N
Naproxen,COC1=CC2=C(C=C1)C=C(C=C2)[C@H](C)C(O)=O
Baloxavir marboxil,[H][C@@]12COCCN1C(=O)C1=C(OCOC(=O)OC)C(=O)C=CN1N2[C@H]1C2=CC=C(F)C(F)=C2CSC2=CC=CC=C12
Ferrous gluconate,[Fe++].[H][C@@](O)(CO)[C@@]([H])(O)[C@]([H])(O)[C@@]([H])(O)C([O-])=O.[H][C@@](O)(CO)[C@@]([H])(O)[C@]([H])(O)[C@@]([H])(O)C([O-])=O
Amyl Nitrite,CCCCCON=O
Demeclocycline,[H][C@]12C[C@@]3([H])[C@H](N(C)C)C(O)=C(C(N)=O)C(=O)[C@@]3(O)C(O)=C1C(=O)C1=C([C@H]2O)C(Cl)=CC=C1O
Pralidoxime,C[N+]1=C(\C=N\O)C=CC=C1
Mivacurium,COC1=CC(C[C@@H]2C3=CC(OC)=C(OC)C=C3CC[N+]2(C)CCCOC(=O)CC\C=C\CCC(=O)OCCC[N+]2(C)CCC3=CC(OC)=C(OC)C=C3[C@H]2CC2=CC(OC)=C(OC)C(OC)=C2)=CC(OC)=C1OC
Nalbuphine,O[C@H]1CC[C@@]2(O)[C@H]3CC4=CC=C(O)C5=C4[C@@]2(CCN3CC2CCC2)[C@H]1O5
Granisetron,CN1N=C(C(=O)N[C@@H]2C[C@@H]3CCC[C@H](C2)N3C)C2=C1C=CC=C2
Benzhydrocodone,[H][C@@]12OC3=C(OC)C=CC4=C3[C@@]11CCN(C)[C@]([H])(C4)[C@]1([H])CC=C2OC(=O)C1=CC=CC=C1
Flurazepam,CCN(CC)CCN1C2=C(C=C(Cl)C=C2)C(=NCC1=O)C1=CC=CC=C1F
Erlotinib,COCCOC1=CC2=C(C=C1OCCOC)C(NC1=CC(=CC=C1)C#C)=NC=N2
Ticlopidine,ClC1=CC=CC=C1CN1CCC2=C(C1)C=CS2
Modafinil,NC(=O)CS(=O)C(C1=CC=CC=C1)C1=CC=CC=C1
Calcium gluconate,[Ca++].[H][C@@](O)(CO)[C@@]([H])(O)[C@]([H])(O)[C@@]([H])(O)C([O-])=O.[H][C@@](O)(CO)[C@@]([H])(O)[C@]([H])(O)[C@@]([H])(O)C([O-])=O
Ibutilide,CCCCCCCN(CC)CCCC(O)C1=CC=C(NS(C)(=O)=O)C=C1
Timolol,[H][C@](O)(CNC(C)(C)C)COC1=NSN=C1N1CCOCC1
Solifenacin,O=C(O[C@H]1CN2CCC1CC2)N1CCC2=CC=CC=C2[C@@H]1C1=CC=CC=C1
Hydroxychloroquine,CCN(CCO)CCCC(C)NC1=C2C=CC(Cl)=CC2=NC=C1
Pralatrexate,NC1=NC2=NC=C(CC(CC#C)C3=CC=C(C=C3)C(=O)N[C@@H](CCC(O)=O)C(O)=O)N=C2C(N)=N1
Ketoprofen,CC(C(O)=O)C1=CC(=CC=C1)C(=O)C1=CC=CC=C1
Methscopolamine,C[N+]1(C)[C@H]2C[C@@H](C[C@@H]1[C@H]1O[C@@H]21)OC(=O)[C@H](CO)C1=CC=CC=C1
Cenobamate,NC(=O)O[C@@H](CN1N=CN=N1)C1=C(Cl)C=CC=C1
Pentobarbital,CCCC(C)C1(CC)C(=O)NC(=O)NC1=O
Zalcitabine,NC1=NC(=O)N(C=C1)[C@H]1CC[C@@H](CO)O1
Levobupivacaine,CCCCN1CCCC[C@H]1C(=O)NC1=C(C)C=CC=C1C
Tucatinib,CC1=CC(NC2=NC=NC3=CC=C(NC4=NC(C)(C)CO4)C=C23)=CC=C1OC1=CC2=NC=NN2C=C1
Betrixaban,COC1=CC=C(NC(=O)C2=CC=C(C=C2)C(=N)N(C)C)C(=C1)C(=O)NC1=CC=C(Cl)C=N1
Trifluoperazine,CN1CCN(CCCN2C3=CC=CC=C3SC3=C2C=C(C=C3)C(F)(F)F)CC1
Ivermectin,[H][C@@]12OC\C3=C/C=C/[C@H](C)[C@H](O[C@H]4C[C@H](OC)[C@@H](O[C@H]5C[C@H](OC)[C@@H](O)[C@H](C)O5)[C@H](C)O4)\C(C)=C\C[C@]4([H])C[C@@]([H])(C[C@]5(CC[C@H](C)[C@]([H])(O5)C(C)C)O4)OC(=O)[C@]([H])(C=C(C)[C@H]1O)[C@@]23O.[H][C@@]12OC\C3=C/C=C/[C@H](C)[C@H](O[C@H]4C[C@H](OC)[C@@H](O[C@H]5C[C@H](OC)[C@@H](O)[C@H](C)O5)[C@H](C)O4)\C(C)=C\C[C@]4([H])C[C@@]([H])(C[C@]5(CC[C@H](C)[C@]([H])(O5)[C@@H](C)CC)O4)OC(=O)[C@]([H])(C=C(C)[C@H]1O)[C@@]23O
Vibegron,[H][C@@]1(CC[C@@H](CC2=CC=C(NC(=O)[C@@H]3CCC4=NC=CC(=O)N34)C=C2)N1)[C@H](O)C1=CC=CC=C1
Clomipramine,CN(C)CCCN1C2=CC=CC=C2CCC2=C1C=C(Cl)C=C2
Activated charcoal,[C]
Lefamulin,[H][C@@]12C(=O)CC[C@]11CCC(C)[C@@]2(C)[C@@H](C[C@@](C)(C=C)[C@@H](O)[C@@H]1C)OC(=O)CS[C@@H]1CC[C@@H](N)C[C@H]1O
Vitamin E,CC(C)CCC[C@@H](C)CCC[C@@H](C)CCC[C@]1(C)CCC2=C(O1)C(C)=C(C)C(O)=C2C
Ezogabine,CCOC(=O)NC1=C(N)C=C(NCC2=CC=C(F)C=C2)C=C1
Rufinamide,NC(=O)C1=CN(CC2=C(F)C=CC=C2F)N=N1
Ranolazine,COC1=CC=CC=C1OCC(O)CN1CCN(CC(=O)NC2=C(C)C=CC=C2C)CC1
Vardenafil,CCCC1=NC(C)=C2N1NC(=NC2=O)C1=C(OCC)C=CC(=C1)S(=O)(=O)N1CCN(CC)CC1
Posaconazole,CC[C@@H]([C@H](C)O)N1N=CN(C1=O)C1=CC=C(C=C1)N1CCN(CC1)C1=CC=C(OC[C@@H]2CO[C@](CN3C=NC=N3)(C2)C2=C(F)C=C(F)C=C2)C=C1
Dactinomycin,[H][C@@]12CCCN1C(=O)[C@H](NC(=O)[C@@H](NC(=O)C1=C3N=C4C(OC3=C(C)C=C1)=C(C)C(=O)C(N)=C4C(=O)N[C@H]1[C@@H](C)OC(=O)[C@H](C(C)C)N(C)C(=O)CN(C)C(=O)[C@]3([H])CCCN3C(=O)[C@H](NC1=O)C(C)C)[C@@H](C)OC(=O)[C@H](C(C)C)N(C)C(=O)CN(C)C2=O)C(C)C
Eletriptan,CN1CCC[C@@H]1CC1=CNC2=C1C=C(CCS(=O)(=O)C1=CC=CC=C1)C=C2
Diflunisal,OC(=O)C1=C(O)C=CC(=C1)C1=C(F)C=C(F)C=C1
Etacrynic acid,CCC(=C)C(=O)C1=C(Cl)C(Cl)=C(OCC(O)=O)C=C1
Lithium carbonate,[Li+].[Li+].[O-]C([O-])=O
Ramipril,[H][C@@]12CCC[C@]1([H])N([C@@H](C2)C(O)=O)C(=O)[C@H](C)N[C@@H](CCC1=CC=CC=C1)C(=O)OCC
Levorphanol,[H][C@@]12CCCC[C@@]11CCN(C)[C@@H]2CC2=C1C=C(O)C=C2
Mepenzolate,C[N+]1(C)CCCC(C1)OC(=O)C(O)(C1=CC=CC=C1)C1=CC=CC=C1
Bacitracin,CC[C@H](C)[C@H](N)C1=N[C@@H](CS1)C(=O)N[C@@H](CC(C)C)C(=O)N[C@H](CCC(O)=O)C(=O)N[C@@H]([C@@H](C)CC)C(=O)N[C@H]1CCCCNC(=O)[C@H](CC(N)=O)NC(=O)[C@@H](CC(O)=O)NC(=O)[C@H](CC2=CNC=N2)NC(=O)[C@@H](CC2=CC=CC=C2)NC(=O)[C@@H](NC(=O)[C@@H](CCCN)NC1=O)[C@@H](C)CC
Vecuronium,[H][C@@]12C[C@@H]([C@H](OC(C)=O)[C@@]1(C)CC[C@@]1([H])[C@@]2([H])CC[C@@]2([H])C[C@H](OC(C)=O)[C@H](C[C@]12C)N1CCCCC1)[N+]1(C)CCCCC1
Plicamycin,CO[C@@H]([C@@H]1CC2=CC3=CC(O[C@H]4C[C@@H](O[C@H]5C[C@@H](O)[C@H](O)[C@@H](C)O5)[C@H](O)[C@@H](C)O4)=C(C)C(O)=C3C(O)=C2C(=O)[C@H]1O[C@H]1C[C@@H](O[C@H]2C[C@@H](O[C@H]3C[C@](C)(O)[C@H](O)[C@@H](C)O3)[C@@H](O)[C@@H](C)O2)[C@H](O)[C@@H](C)O1)C(=O)[C@@H](O)[C@@H](C)O
Ioflupane I-123,[H][C@]12CC[C@]([H])([C@H]([C@H](C1)C1=CC=C([123I])C=C1)C(=O)OC)N2CCCF
Methadone,CCC(=O)C(CC(C)N(C)C)(C1=CC=CC=C1)C1=CC=CC=C1
Tadalafil,[H][C@]12CC3=C(NC4=CC=CC=C34)[C@H](N1C(=O)CN(C)C2=O)C1=CC2=C(OCO2)C=C1
Cabozantinib,COC1=CC2=C(C=C1OC)C(OC1=CC=C(NC(=O)C3(CC3)C(=O)NC3=CC=C(F)C=C3)C=C1)=CC=N2
Flucytosine,NC1=NC(=O)NC=C1F
Pilocarpine,CC[C@H]1[C@@H](CC2=CN=CN2C)COC1=O
Zaleplon,CCN(C(C)=O)C1=CC=CC(=C1)C1=CC=NC2=C(C=NN12)C#N
Atomoxetine,CNCC[C@@H](OC1=CC=CC=C1C)C1=CC=CC=C1
Iodide I-123,[123I-]
Naldemedine,[H][C@@]12OC3=C4C(C[C@@]5([H])N(CC6CC6)CC[C@@]14[C@@]5(O)CC(C(=O)NC(C)(C)C1=NC(=NO1)C1=CC=CC=C1)=C2O)=CC=C3O
Capreomycin,[H][C@@]1(CCN=C(N)N1)[C@]1([H])NC(=O)\C(NC(=O)[C@H](CNC(=O)C[C@@H](N)CCCN)NC(=O)[C@H](C)NC(=O)[C@@H](N)CNC1=O)=C/NC(N)=O.[H][C@@]1(CCN=C(N)N1)[C@]1([H])NC(=O)\C(NC(=O)[C@H](CNC(=O)C[C@@H](N)CCCN)NC(=O)[C@H](CO)NC(=O)[C@@H](N)CNC1=O)=C/NC(N)=O
Melphalan,N[C@@H](CC1=CC=C(C=C1)N(CCCl)CCCl)C(O)=O
Quinapril,CCOC(=O)[C@H](CCC1=CC=CC=C1)N[C@@H](C)C(=O)N1CC2=CC=CC=C2C[C@H]1C(O)=O
Proguanil,CC(C)NC(=N)NC(=N)NC1=CC=C(Cl)C=C1
Cefprozil,[H][C@]12SCC(C=CC)=C(N1C(=O)[C@@]2([H])NC(=O)[C@H](N)C1=CC=C(O)C=C1)C(O)=O
Avatrombopag,OC(=O)C1CCN(CC1)C1=C(Cl)C=C(C=N1)C(=O)NC1=NC(C2=CC(Cl)=CS2)=C(S1)N1CCN(CC1)C1CCCCC1
Methoxsalen,COC1=C2OC(=O)C=CC2=CC2=C1OC=C2
Tranylcypromine,NC1CC1C1=CC=CC=C1
Bortezomib,CC(C)C[C@H](NC(=O)[C@H](CC1=CC=CC=C1)NC(=O)C1=CN=CC=N1)B(O)O
Pitavastatin,O[C@H](C[C@H](O)\C=C\C1=C(C2=CC=C(F)C=C2)C2=CC=CC=C2N=C1C1CC1)CC(O)=O
Butalbital,CC(C)CC1(CC=C)C(=O)NC(=O)NC1=O
Sulfinpyrazone,O=C1C(CCS(=O)C2=CC=CC=C2)C(=O)N(N1C1=CC=CC=C1)C1=CC=CC=C1
Cyclandelate,CC1CC(CC(C)(C)C1)OC(=O)C(O)C1=CC=CC=C1
Etoposide,[H][C@]12COC(=O)[C@]1([H])[C@H](C1=CC(OC)=C(O)C(OC)=C1)C1=CC3=C(OCO3)C=C1[C@H]2O[C@@H]1O[C@]2([H])CO[C@@H](C)O[C@@]2([H])[C@H](O)[C@H]1O
Sulindac,CC1=C(CC(O)=O)C2=CC(F)=CC=C2\C1=C/C1=CC=C(C=C1)S(C)=O
Dipyridamole,OCCN(CCO)C1=NC2=C(N=C(N=C2N2CCCCC2)N(CCO)CCO)C(=N1)N1CCCCC1
Fluoxetine,CNCCC(OC1=CC=C(C=C1)C(F)(F)F)C1=CC=CC=C1
Dexmedetomidine,C[C@H](C1=CNC=N1)C1=C(C)C(C)=CC=C1
Fluvastatin,CC(C)N1C(\C=C\C(O)CC(O)CC(O)=O)=C(C2=CC=CC=C12)C1=CC=C(F)C=C1
Isocarboxazid,CC1=CC(=NO1)C(=O)NNCC1=CC=CC=C1
Pyridostigmine,CN(C)C(=O)OC1=C[N+](C)=CC=C1
Tapentadol,CC[C@H]([C@@H](C)CN(C)C)C1=CC(O)=CC=C1
Argatroban,C[C@@H]1CCN([C@H](C1)C(O)=O)C(=O)[C@H](CCCNC(N)=N)NS(=O)(=O)C1=CC=CC2=C1NCC(C)C2
Cefpodoxime,[H][C@]12SCC(COC)=C(N1C(=O)[C@H]2NC(=O)C(=N/OC)\C1=CSC(N)=N1)C(O)=O
Tiotropium,[H][C@]12O[C@@]1([H])[C@]1([H])C[C@@]([H])(C[C@@]2([H])[N+]1(C)C)OC(=O)C(O)(C1=CC=CS1)C1=CC=CS1
Droxidopa,N[C@@H]([C@H](O)C1=CC(O)=C(O)C=C1)C(O)=O
Amifampridine,NC1=CC=NC=C1N
Procyclidine,OC(CCN1CCCC1)(C1CCCCC1)C1=CC=CC=C1
Mitomycin,[H][C@]12CN3C4=C([C@@H](COC(N)=O)[C@@]3(OC)[C@@]1([H])N2)C(=O)C(N)=C(C)C4=O
Regorafenib,CNC(=O)C1=CC(OC2=CC(F)=C(NC(=O)NC3=CC=C(Cl)C(=C3)C(F)(F)F)C=C2)=CC=N1
Selpercatinib,COC1=NC=C(CN2C3CC2CN(C3)C2=CC=C(C=N2)C2=CC(OCC(C)(C)O)=CN3N=CC(C#N)=C23)C=C1
Sildenafil,CCCC1=NN(C)C2=C1N=C(NC2=O)C1=CC(=CC=C1OCC)S(=O)(=O)N1CCN(C)CC1
Gemcitabine,NC1=NC(=O)N(C=C1)[C@@H]1O[C@H](CO)[C@@H](O)C1(F)F
Streptozocin,CN(N=O)C(=O)N[C@@H](C=O)[C@@H](O)[C@H](O)[C@H](O)CO
Lomustine,ClCCN(N=O)C(=O)NC1CCCCC1
Dextromethorphan,[H][C@]12CCCC[C@]11CCN(C)[C@H]2CC2=C1C=C(OC)C=C2
Thiabendazole,N1C2=CC=CC=C2N=C1C1=CSC=N1
Obeticholic acid,[H][C@@]1(CC[C@@]2([H])[C@]3([H])[C@H](O)[C@H](CC)[C@]4([H])C[C@H](O)CC[C@]4(C)[C@@]3([H])CC[C@]12C)[C@H](C)CCC(O)=O
Calcium acetate,[Ca++].CC([O-])=O.CC([O-])=O
Labetalol,CC(CCC1=CC=CC=C1)NCC(O)C1=CC(C(N)=O)=C(O)C=C1
Zanubrutinib,NC(=O)C1=C2NCC[C@@H](C3CCN(CC3)C(=O)C=C)N2N=C1C1=CC=C(OC2=CC=CC=C2)C=C1
Rosuvastatin,CC(C)C1=NC(=NC(C2=CC=C(F)C=C2)=C1\C=C\[C@@H](O)C[C@@H](O)CC(=O)O)N(C)S(C)(=O)=O
Vorinostat,ONC(=O)CCCCCCC(=O)NC1=CC=CC=C1
Dyphylline,CN1C2=C(N(CC(O)CO)C=N2)C(=O)N(C)C1=O
Ketamine,CNC1(CCCCC1=O)C1=CC=CC=C1Cl
Cabergoline,[H][C@@]12CC3=CNC4=CC=CC(=C34)[C@@]1([H])C[C@H](CN2CC=C)C(=O)N(CCCN(C)C)C(=O)NCC
Alendronic acid,NCCCC(O)(P(O)(O)=O)P(O)(O)=O
Tasimelteon,CCC(=O)NC[C@@H]1C[C@H]1C1=CC=CC2=C1CCO2
Probucol,CC(C)(SC1=CC(=C(O)C(=C1)C(C)(C)C)C(C)(C)C)SC1=CC(=C(O)C(=C1)C(C)(C)C)C(C)(C)C
Enalapril,CCOC(=O)[C@H](CCC1=CC=CC=C1)N[C@@H](C)C(=O)N1CCC[C@H]1C(O)=O
Iron sucrose,O.O.O.[OH-].[O--].[O--].[O--].[O--].[O--].[O--].[O--].[O--].[Na+].[Na+].[Fe+3].[Fe+3].[Fe+3].[Fe+3].[Fe+3].OC[C@H]1O[C@@](CO)(O[C@H]2O[C@H](CO)[C@@H](O)[C@H](O)[C@H]2O)[C@@H](O)[C@@H]1O
Potassium chloride,[Cl-].[K+]
Meloxicam,CN1C(C(=O)NC2=NC=C(C)S2)=C(O)C2=C(C=CC=C2)S1(=O)=O
Phensuximide,CN1C(=O)CC(C1=O)C1=CC=CC=C1
Nateglinide,CC(C)[C@H]1CC[C@@H](CC1)C(=O)N[C@H](CC1=CC=CC=C1)C(O)=O
Pexidartinib,FC(F)(F)C1=CC=C(CNC2=NC=C(CC3=CNC4=NC=C(Cl)C=C34)C=C2)C=N1
Tipiracil,ClC1=C(CN2CCCC2=N)NC(=O)NC1=O
Tetrabenazine,COC1=C(OC)C=C2C3CC(=O)C(CC(C)C)CN3CCC2=C1
Triamterene,NC1=NC(N)=C2N=C(C(N)=NC2=N1)C1=CC=CC=C1
Carvedilol,COC1=CC=CC=C1OCCNCC(O)COC1=CC=CC2=C1C1=CC=CC=C1N2
Upadacitinib,CC[C@@H]1CN(C[C@@H]1C1=CN=C2C=NC3=C(C=CN3)N12)C(=O)NCC(F)(F)F
Ponatinib,CN1CCN(CC2=CC=C(NC(=O)C3=CC(C#CC4=CN=C5C=CC=NN45)=C(C)C=C3)C=C2C(F)(F)F)CC1
Voxelotor,CC(C)N1N=CC=C1C1=C(COC2=CC=CC(O)=C2C=O)C=CC=N1
Ioversol,OCCN(C(=O)CO)C1=C(I)C(C(=O)NCC(O)CO)=C(I)C(C(=O)NCC(O)CO)=C1I
Cefuroxime,[H][C@]12SCC(COC(N)=O)=C(N1C(=O)[C@H]2NC(=O)C(=N/OC)\C1=CC=CO1)C(O)=O
Avanafil,COC1=C(Cl)C=C(CNC2=C(C=NC(=N2)N2CCC[C@H]2CO)C(=O)NCC2=NC=CC=N2)C=C1
Aclidinium,OC(C(=O)O[C@H]1C[N+]2(CCCOC3=CC=CC=C3)CCC1CC2)(C1=CC=CS1)C1=CC=CS1
Orphenadrine,CN(C)CCOC(C1=CC=CC=C1)C1=CC=CC=C1C
Stiripentol,CC(C)(C)C(O)\C=C\C1=CC2=C(OCO2)C=C1
Fluticasone,[H][C@@]12C[C@@H](C)[C@](O)(C(=O)SCF)[C@@]1(C)C[C@H](O)[C@@]1(F)[C@@]2([H])C[C@H](F)C2=CC(=O)C=C[C@]12C
Acalabrutinib,CC#CC(=O)N1CCC[C@H]1C1=NC(=C2N1C=CN=C2N)C1=CC=C(C=C1)C(=O)NC1=CC=CC=N1
Glimepiride,CCC1=C(C)CN(C(=O)NCCC2=CC=C(C=C2)S(=O)(=O)NC(=O)N[C@H]2CC[C@H](C)CC2)C1=O
Azilsartan medoxomil,CCOC1=NC2=C(N1CC1=CC=C(C=C1)C1=CC=CC=C1C1=NOC(=O)N1)C(=CC=C2)C(=O)OCC1=C(C)OC(=O)O1
Chlorpromazine,CN(C)CCCN1C2=CC=CC=C2SC2=C1C=C(Cl)C=C2
Paromomycin,NC[C@@H]1O[C@H](O[C@@H]2[C@@H](CO)O[C@@H](O[C@@H]3[C@@H](O)[C@H](N)C[C@H](N)[C@H]3O[C@H]3O[C@H](CO)[C@@H](O)[C@H](O)[C@H]3N)[C@@H]2O)[C@H](N)[C@@H](O)[C@@H]1O
Pergolide,[H][C@@]12CC3=CNC4=CC=CC(=C34)[C@@]1([H])C[C@@H](CSC)CN2CCC
Isoetharine,CCC(NC(C)C)C(O)C1=CC(O)=C(O)C=C1
Sufentanil,CCC(=O)N(C1=CC=CC=C1)C1(COC)CCN(CCC2=CC=CS2)CC1
Midodrine,COC1=CC(C(O)CNC(=O)CN)=C(OC)C=C1
Cyproheptadine,CN1CCC(CC1)=C1C2=CC=CC=C2C=CC2=CC=CC=C12
Cerivastatin,COCC1=C(C2=CC=C(F)C=C2)C(\C=C\[C@@H](O)C[C@@H](O)CC(O)=O)=C(C(C)C)N=C1C(C)C
Tetraferric tricitrate decahydrate,O.O.O.O.O.O.O.O.O.O.[Fe+3].[Fe+3].[Fe+3].[Fe+3].[O-]C(=O)CC([O-])(CC([O-])=O)C([O-])=O.[O-]C(=O)CC([O-])(CC([O-])=O)C([O-])=O.[O-]C(=O)CC([O-])(CC([O-])=O)C([O-])=O
Prazosin,COC1=C(OC)C=C2C(N)=NC(=NC2=C1)N1CCN(CC1)C(=O)C1=CC=CO1
Lopinavir,CC(C)[C@H](N1CCCNC1=O)C(=O)N[C@H](C[C@H](O)[C@H](CC1=CC=CC=C1)NC(=O)COC1=C(C)C=CC=C1C)CC1=CC=CC=C1
Tolmetin,CN1C(CC(O)=O)=CC=C1C(=O)C1=CC=C(C)C=C1
Cholic Acid,[H][C@@](C)(CCC(O)=O)[C@@]1([H])CC[C@@]2([H])[C@]3([H])[C@]([H])(O)C[C@]4([H])C[C@]([H])(O)CC[C@]4(C)[C@@]3([H])C[C@]([H])(O)[C@]12C
Butorphanol,[H][C@@]12CC3=C(C=C(O)C=C3)[C@]3(CCCC[C@@]13O)CCN2CC1CCC1
Netupitant,CN(C(=O)C(C)(C)C1=CC(=CC(=C1)C(F)(F)F)C(F)(F)F)C1=CN=C(C=C1C1=CC=CC=C1C)N1CCN(C)CC1
Propiomazine,CCC(=O)C1=CC2=C(SC3=CC=CC=C3N2CC(C)N(C)C)C=C1
Guanidine,NC(N)=N
Trifluridine,OC[C@H]1O[C@H](C[C@@H]1O)N1C=C(C(=O)NC1=O)C(F)(F)F
Progesterone,[H][C@@]12CC[C@H](C(C)=O)[C@@]1(C)CC[C@@]1([H])[C@@]2([H])CCC2=CC(=O)CC[C@]12C
Hydroflumethiazide,NS(=O)(=O)C1=CC2=C(NCNS2(=O)=O)C=C1C(F)(F)F
Iothalamic acid,CNC(=O)C1=C(I)C(C(O)=O)=C(I)C(NC(C)=O)=C1I
Spironolactone,[H][C@@]12CC[C@@]3(CCC(=O)O3)[C@@]1(C)CC[C@@]1([H])[C@@]2([H])[C@@]([H])(CC2=CC(=O)CC[C@]12C)SC(C)=O
Loratadine,CCOC(=O)N1CCC(CC1)=C1C2=C(CCC3=C1N=CC=C3)C=C(Cl)C=C2
Etravirine,CC1=CC(=CC(C)=C1OC1=C(Br)C(N)=NC(NC2=CC=C(C=C2)C#N)=N1)C#N
Pancuronium,[H][C@@]12C[C@@H]([C@H](OC(C)=O)[C@@]1(C)CC[C@@]1([H])[C@@]2([H])CC[C@@]2([H])C[C@H](OC(C)=O)[C@H](C[C@]12C)[N+]1(C)CCCCC1)[N+]1(C)CCCCC1
Sulfadoxine,COC1=NC=NC(NS(=O)(=O)C2=CC=C(N)C=C2)=C1OC
Levomilnacipran,CCN(CC)C(=O)[C@]1(C[C@H]1CN)C1=CC=CC=C1
Ofloxacin,CC1COC2=C3N1C=C(C(O)=O)C(=O)C3=CC(F)=C2N1CCN(C)CC1
Biperiden,OC(CCN1CCCCC1)(C1CC2CC1C=C2)C1=CC=CC=C1
Lenalidomide,NC1=CC=CC2=C1CN(C1CCC(=O)NC1=O)C2=O
Diroximel fumarate,COC(=O)\C=C\C(=O)OCCN1C(=O)CCC1=O
Caspofungin,[H][C@@]12C[C@@H](O)CN1C(=O)[C@@H](NC(=O)[C@]([H])(C[C@@H](O)[C@@H](NCCN)NC(=O)[C@@H]1[C@@H](O)CCN1C(=O)[C@@H](NC(=O)[C@@H](NC2=O)[C@H](O)[C@@H](O)C1=CC=C(O)C=C1)[C@H](O)CCN)NC(=O)CCCCCCCC[C@@H](C)C[C@@H](C)CC)[C@@H](C)O
Pimavanserin,CC(C)COC1=CC=C(CNC(=O)N(CC2=CC=C(F)C=C2)C2CCN(C)CC2)C=C1
Trimethaphan,O=C1N(CC2=CC=CC=C2)C2C[S+]3CCCC3C2N1CC1=CC=CC=C1
Venetoclax,CC1(C)CCC(CN2CCN(CC2)C2=CC=C(C(=O)NS(=O)(=O)C3=CC=C(NCC4CCOCC4)C(=C3)[N+]([O-])=O)C(OC3=CN=C4NC=CC4=C3)=C2)=C(C1)C1=CC=C(Cl)C=C1
Terbinafine,CN(C\C=C\C#CC(C)(C)C)CC1=CC=CC2=CC=CC=C12
Strontium chloride Sr-89,[Cl-].[Cl-].[89Sr++]
Omacetaxine mepesuccinate,[H][C@@]1(OC(=O)[C@@](O)(CCCC(C)(C)O)CC(=O)OC)C(OC)=C[C@]23CCCN2CCC2=CC4=C(OCO4)C=C2[C@]13[H]
Isradipine,COC(=O)C1=C(C)NC(C)=C(C1C1=CC=CC2=NON=C12)C(=O)OC(C)C
Afatinib,CN(C)C\C=C\C(=O)NC1=C(O[C@H]2CCOC2)C=C2N=CN=C(NC3=CC(Cl)=C(F)C=C3)C2=C1
Olmesartan,CCCC1=NC(=C(N1CC1=CC=C(C=C1)C1=C(C=CC=C1)C1=NN=NN1)C(O)=O)C(C)(C)O
Rifamycin,CO[C@H]1\C=C\O[C@@]2(C)OC3=C(C)C(O)=C4C(O)=C(NC(=O)\C(C)=C/C=C/[C@H](C)[C@H](O)[C@@H](C)[C@@H](O)[C@@H](C)[C@H](OC(C)=O)[C@@H]1C)C=C(O)C4=C3C2=O
Danazol,[H][C@@]12CC[C@@](O)(C#C)[C@@]1(C)CC[C@@]1([H])[C@@]2([H])CCC2=CC3=C(C[C@]12C)C=NO3
Auranofin,CC[P+](CC)(CC)[Au-]S[C@@H]1O[C@H](COC(C)=O)[C@@H](OC(C)=O)[C@H](OC(C)=O)[C@H]1OC(C)=O
Magnesium glycinate,[Mg++].NCC([O-])=O.NCC([O-])=O
Telotristat ethyl,CCOC(=O)[C@@H](N)CC1=CC=C(C=C1)C1=NC(N)=NC(O[C@H](C2=CC=C(Cl)C=C2N2C=CC(C)=N2)C(F)(F)F)=C1
Netilmicin,CCN[C@@H]1C[C@H](N)[C@@H](O[C@H]2OC(CN)=CC[C@H]2N)[C@H](O)[C@H]1O[C@H]1OC[C@](C)(O)[C@H](NC)[C@H]1O
Dalfampridine,NC1=CC=NC=C1
Sodium bicarbonate,[Na+].OC([O-])=O
Gadobenic acid,[Gd+3].OC(=O)CN(CCN(CCN(CC([O-])=O)CC([O-])=O)CC([O-])=O)C(COCC1=CC=CC=C1)C(O)=O
Nitisinone,[O-][N+](=O)C1=C(C=CC(=C1)C(F)(F)F)C(=O)C1C(=O)CCCC1=O
Baricitinib,CCS(=O)(=O)N1CC(CC#N)(C1)N1C=C(C=N1)C1=C2C=CNC2=NC=N1
Dacarbazine,CN(C)\N=N\C1=C(N=CN1)C(N)=O
Mechlorethamine,CN(CCCl)CCCl
Edoxaban,CN(C)C(=O)[C@H]1CC[C@H](NC(=O)C(=O)NC2=NC=C(Cl)C=C2)[C@@H](C1)NC(=O)C1=NC2=C(CN(C)CC2)S1
Dextroamphetamine,C[C@H](N)CC1=CC=CC=C1
Phentermine,CC(C)(N)CC1=CC=CC=C1
Tobramycin,NC[C@H]1O[C@H](O[C@@H]2[C@@H](N)C[C@@H](N)[C@H](O[C@H]3O[C@H](CO)[C@@H](O)[C@H](N)[C@H]3O)[C@H]2O)[C@H](N)C[C@@H]1O
Bepridil,CC(C)COCC(CN(CC1=CC=CC=C1)C1=CC=CC=C1)N1CCCC1
Altretamine,CN(C)C1=NC(=NC(=N1)N(C)C)N(C)C
Thioridazine,CSC1=CC2=C(SC3=CC=CC=C3N2CCC2CCCCN2C)C=C1
Pipecuronium,[H][C@@]12C[C@@H]([C@H](OC(C)=O)[C@@]1(C)CC[C@@]1([H])[C@@]2([H])CC[C@@]2([H])C[C@H](OC(C)=O)[C@H](C[C@]12C)N1CC[N+](C)(C)CC1)N1CC[N+](C)(C)CC1
Vancomycin,CN[C@H](CC(C)C)C(=O)N[C@@H]1[C@H](O)C2=CC=C(OC3=C(O[C@@H]4O[C@H](CO)[C@@H](O)[C@H](O)[C@H]4O[C@H]4C[C@](C)(N)[C@H](O)[C@H](C)O4)C4=CC(=C3)[C@@H](NC(=O)[C@H](CC(N)=O)NC1=O)C(=O)N[C@@H]1C3=CC(=C(O)C=C3)C3=C(O)C=C(O)C=C3[C@H](NC(=O)[C@@H](NC1=O)[C@H](O)C1=CC(Cl)=C(O4)C=C1)C(O)=O)C(Cl)=C2
Piperacillin,[H][C@]12SC(C)(C)[C@@H](N1C(=O)[C@H]2NC(=O)[C@H](NC(=O)N1CCN(CC)C(=O)C1=O)C1=CC=CC=C1)C(O)=O
Indapamide,CC1CC2=CC=CC=C2N1NC(=O)C1=CC(=C(Cl)C=C1)S(N)(=O)=O
Mesoridazine,CN1CCCCC1CCN1C2=C(SC3=C1C=C(C=C3)S(C)=O)C=CC=C2
Amitriptyline,CN(C)CCC=C1C2=CC=CC=C2CCC2=CC=CC=C12
Amlodipine,CCOC(=O)C1=C(COCCN)NC(C)=C(C1C1=CC=CC=C1Cl)C(=O)OC
Digitoxin,[H][C@@]1(CC[C@]2(O)[C@]3([H])CC[C@]4([H])C[C@H](CC[C@]4(C)[C@@]3([H])CC[C@]12C)O[C@H]1C[C@H](O)[C@H](O[C@H]2C[C@H](O)[C@H](O[C@H]3C[C@H](O)[C@H](O)[C@@H](C)O3)[C@@H](C)O2)[C@@H](C)O1)C1=CC(=O)OC1
Ambrisentan,COC([C@H](OC1=NC(C)=CC(C)=N1)C(O)=O)(C1=CC=CC=C1)C1=CC=CC=C1
Tizanidine,ClC1=C(NC2=NCCN2)C2=NSN=C2C=C1
Morphine,[H][C@@]12OC3=C(O)C=CC4=C3[C@@]11CCN(C)[C@]([H])(C4)[C@]1([H])C=C[C@@H]2O
Ferrous fumarate,[Fe++].[H]\C(=C(\[H])C([O-])=O)C([O-])=O
Lemborexant,CC1=NC=C(OC[C@]2(C[C@H]2C(=O)NC2=NC=C(F)C=C2)C2=CC=CC(F)=C2)C(C)=N1
Ulipristal,CN(C)C1=CC=C(C=C1)[C@H]1C[C@@]2(C)[C@@H](CC[C@]2(O)C(C)=O)[C@@H]2CCC3=CC(=O)CCC3=C12
Methohexital,CCC#CC(C)C1(CC=C)C(=O)NC(=O)N(C)C1=O
Clidinium,C[N@@+]12CC[C@@H](CC1)C(C2)OC(=O)C(O)(C1=CC=CC=C1)C1=CC=CC=C1
Macitentan,CCCNS(=O)(=O)NC1=C(C(OCCOC2=NC=C(Br)C=N2)=NC=N1)C1=CC=C(Br)C=C1
Ethambutol,CC[C@@H](CO)NCCN[C@@H](CC)CO
Magaldrate,O.[OH-].[OH-].[OH-].[OH-].[OH-].[OH-].[OH-].[OH-].[OH-].[OH-].[OH-].[OH-].[OH-].[OH-].[OH-].[OH-].[OH-].[OH-].[OH-].[OH-].[OH-].[OH-].[OH-].[OH-].[OH-].[OH-].[OH-].[OH-].[OH-].[OH-].[OH-].[Mg++].[Mg++].[Mg++].[Mg++].[Mg++].[Mg++].[Mg++].[Mg++].[Mg++].[Mg++].[Al+3].[Al+3].[Al+3].[Al+3].[Al+3].[O-]S([O-])(=O)=O.[O-]S([O-])(=O)=O
Teriflunomide,C\C(O)=C(/C#N)C(=O)NC1=CC=C(C=C1)C(F)(F)F
Sulfisoxazole,CC1=NOC(NS(=O)(=O)C2=CC=C(N)C=C2)=C1C
Boceprevir,[H][C@]12CN([C@H](C(=O)NC(CC3CCC3)C(=O)C(N)=O)[C@@]1([H])C2(C)C)C(=O)[C@@H](NC(=O)NC(C)(C)C)C(C)(C)C
Temazepam,CN1C2=C(C=C(Cl)C=C2)C(=NC(O)C1=O)C1=CC=CC=C1
Clofedanol,CN(C)CCC(O)(C1=CC=CC=C1)C1=CC=CC=C1Cl
Delafloxacin,NC1=NC(N2C=C(C(O)=O)C(=O)C3=CC(F)=C(N4CC(O)C4)C(Cl)=C23)=C(F)C=C1F
Rifaximin,CO[C@H]1\C=C\O[C@@]2(C)OC3=C(C)C(O)=C4C(O)=C(NC(=O)\C(C)=C/C=C/[C@H](C)[C@H](O)[C@@H](C)[C@@H](O)[C@@H](C)[C@H](OC(C)=O)[C@@H]1C)C1=C(N=C5C=C(C)C=CN15)C4=C3C2=O
Quinidine,[H][C@@]12CCN(C[C@@H]1C=C)[C@]([H])(C2)[C@@H](O)C1=C2C=C(OC)C=CC2=NC=C1
Arformoterol,COC1=CC=C(C[C@@H](C)NC[C@H](O)C2=CC(NC=O)=C(O)C=C2)C=C1
Cinoxacin,CCN1N=C(C(O)=O)C(=O)C2=CC3=C(OCO3)C=C12
Fidaxomicin,[H][C@@]1(O[C@@H]2[C@@H](CC)\C=C(C)\[C@@H](O)C\C=C\C=C(CO[C@@H]3O[C@H](C)[C@@H](OC(=O)C4=C(CC)C(Cl)=C(O)C(Cl)=C4O)[C@H](O)[C@@H]3OC)\C(=O)O[C@@H](C\C=C(/C)\C=C2/C)[C@@H](C)O)OC(C)(C)[C@@H](OC(=O)C(C)C)[C@H](O)[C@@H]1O
Azacitidine,NC1=NC(=O)N(C=N1)[C@@H]1O[C@H](CO)[C@@H](O)[C@H]1O
Levonordefrin,C[C@H](N)[C@H](O)C1=CC(O)=C(O)C=C1
Clonidine,ClC1=CC=CC(Cl)=C1NC1=NCCN1
Nalidixic acid,CCN1C=C(C(O)=O)C(=O)C2=C1N=C(C)C=C2
Propafenone,CCCNCC(O)COC1=C(C=CC=C1)C(=O)CCC1=CC=CC=C1
Mercaptopurine,S=C1N=CNC2=C1NC=N2
Telmisartan,CCCC1=NC2=C(C=C(C=C2C)C2=NC3=CC=CC=C3N2C)N1CC1=CC=C(C=C1)C1=CC=CC=C1C(O)=O
Isavuconazonium,[H]C(C)(OC(=O)N(C)C1=C(COC(=O)CNC)C=CC=N1)[N+]1=CN(C[C@](O)(C2=C(F)C=CC(F)=C2)[C@@]([H])(C)C2=NC(=CS2)C2=CC=C(C=C2)C#N)N=C1
Tretinoin,C\C(\C=C\C1=C(C)CCCC1(C)C)=C/C=C/C(/C)=C/C(O)=O
Ramelteon,CCC(=O)NCC[C@@H]1CCC2=C1C1=C(OCC1)C=C2
Desipramine,CNCCCN1C2=CC=CC=C2CCC2=CC=CC=C12
Ivabradine,COC1=C(OC)C=C2[C@@H](CN(C)CCCN3CCC4=CC(OC)=C(OC)C=C4CC3=O)CC2=C1
Diamorphine,[H][C@@]12C=C[C@H](OC(C)=O)[C@@H]3OC4=C(OC(C)=O)C=CC5=C4[C@]13CCN(C)[C@@H]2C5
Papaverine,COC1=C(OC)C=C(CC2=NC=CC3=CC(OC)=C(OC)C=C23)C=C1
Alosetron,CN1C2=C(C3=CC=CC=C13)C(=O)N(CC1=C(C)NC=N1)CC2
Eprosartan,CCCCC1=NC=C(\C=C(/CC2=CC=CS2)C(O)=O)N1CC1=CC=C(C=C1)C(O)=O
Cefditoren,[H][C@]12SCC(\C=C/C3=C(C)N=CS3)=C(N1C(=O)[C@H]2NC(=O)C(=N/OC)\C1=CSC(N)=N1)C(O)=O
Dihydroergotamine,[H][C@@]12CCCN1C(=O)[C@H](CC1=CC=CC=C1)N1C(=O)[C@](C)(NC(=O)[C@H]3CN(C)[C@]4([H])CC5=CNC6=CC=CC(=C56)[C@@]4([H])C3)O[C@@]21O
Doxycycline,[H][C@@]12[C@@H](C)C3=CC=CC(O)=C3C(=O)C1=C(O)[C@]1(O)C(=O)C(C(N)=O)=C(O)[C@@H](N(C)C)[C@]1([H])[C@H]2O
Doxercalciferol,[H][C@@]1(CC[C@@]2([H])\C(CCC[C@]12C)=C\C=C1\C[C@@H](O)C[C@H](O)C1=C)[C@H](C)\C=C\[C@H](C)C(C)C
Cefapirin,[H][C@]12SCC(COC(C)=O)=C(N1C(=O)[C@H]2NC(=O)CSC1=CC=NC=C1)C(O)=O
Cinacalcet,C[C@@H](NCCCC1=CC(=CC=C1)C(F)(F)F)C1=CC=CC2=CC=CC=C12
Clofazimine,CC(C)N=C1C=C2N(C3=CC=C(Cl)C=C3)C3=C(C=CC=C3)N=C2C=C1NC1=CC=C(Cl)C=C1
Diiodohydroxyquinoline,OC1=C2N=CC=CC2=C(I)C=C1I
Fosamprenavir,CC(C)CN(C[C@@H](OP(O)(O)=O)[C@H](CC1=CC=CC=C1)NC(=O)O[C@H]1CCOC1)S(=O)(=O)C1=CC=C(N)C=C1
Panobinostat,CC1=C(CCNCC2=CC=C(\C=C\C(=O)NO)C=C2)C2=CC=CC=C2N1
Fenfluramine,CCNC(C)CC1=CC=CC(=C1)C(F)(F)F
Deutetrabenazine,[2H]C([2H])([2H])OC1=CC2=C(C=C1OC([2H])([2H])[2H])[C@@H]1CC(=O)[C@@H](CC(C)C)CN1CC2
Calcium Phosphate,[Ca++].[Ca++].[Ca++].[O-]P([O-])([O-])=O.[O-]P([O-])([O-])=O
Methylphenidate,COC(=O)C(C1CCCCN1)C1=CC=CC=C1
Mycophenolate mofetil,COC1=C(C\C=C(/C)CCC(=O)OCCN2CCOCC2)C(O)=C2C(=O)OCC2=C1C
Entacapone,CCN(CC)C(=O)C(=C\C1=CC(=C(O)C(O)=C1)[N+]([O-])=O)\C#N
Chromic chloride,[Cl-].[Cl-].[Cl-].[Cr+3]
Methenamine,C1N2CN3CN1CN(C2)C3
Ledipasvir,COC(=O)N[C@@H](C(C)C)C(=O)N1CC2(CC2)C[C@H]1C1=NC(=CN1)C1=CC=C2C3=CC=C(C=C3C(F)(F)C2=C1)C1=CC=C2NC(=NC2=C1)[C@@H]1[C@H]2CC[C@H](C2)N1C(=O)[C@@H](NC(=O)OC)C(C)C
Mirtazapine,CN1CCN2C(C1)C1=CC=CC=C1CC1=C2N=CC=C1
Droperidol,FC1=CC=C(C=C1)C(=O)CCCN1CCC(=CC1)N1C(=O)NC2=CC=CC=C12
Guanabenz,NC(N)=NN=CC1=C(Cl)C=CC=C1Cl
Acitretin,COC1=C(C)C(C)=C(\C=C\C(\C)=C\C=C\C(\C)=C\C(O)=O)C(C)=C1
Lonafarnib,NC(=O)N1CCC(CC(=O)N2CCC(CC2)[C@H]2C3=C(CCC4=C2C(Br)=CC(Cl)=C4)C=C(Br)C=N3)CC1
Loxapine,CN1CCN(CC1)C1=NC2=CC=CC=C2OC2=C1C=C(Cl)C=C2
Potassium citrate,[K+].[K+].[K+].OC(CC([O-])=O)(CC([O-])=O)C([O-])=O
Leflunomide,CC1=C(C=NO1)C(=O)NC1=CC=C(C=C1)C(F)(F)F
Tubocurarine,[H][C@@]12CC3=CC=C(OC4=C5C(CC[N+](C)(C)[C@]5([H])CC5=CC(OC6=C(OC)C=C(CCN1C)C2=C6)=C(O)C=C5)=CC(OC)=C4O)C=C3
Tamsulosin,CCOC1=CC=CC=C1OCCN[C@H](C)CC1=CC(=C(OC)C=C1)S(N)(=O)=O
Amphetamine,CC(N)CC1=CC=CC=C1
Isometheptene,CNC(C)CCC=C(C)C
Methysergide,[H][C@@]12CC3=CN(C)C4=C3C(=CC=C4)C1=C[C@H](CN2C)C(=O)NC(CC)CO
Dalfopristin,CCN(CC)CCS(=O)(=O)[C@@H]1CCN2[C@H]1C(=O)O[C@H](C(C)C)[C@H](C)\C=C\C(=O)NC\C=C\C(\C)=C\[C@@H](O)CC(=O)CC1=NC(=CO1)C2=O
Cevimeline,CC1O[C@@]2(CS1)CN1CCC2CC1
Istradefylline,[H]\C(=C(\[H])C1=CC(OC)=C(OC)C=C1)C1=NC2=C(N1C)C(=O)N(CC)C(=O)N2CC
Entecavir,NC1=NC(=O)C2=C(N1)N(C=N2)[C@H]1C[C@H](O)[C@@H](CO)C1=C
Nortriptyline,CNCCC=C1C2=CC=CC=C2CCC2=CC=CC=C12
Guanadrel,NC(N)=NCC1COC2(CCCCC2)O1
Rimegepant,N[C@H]1[C@@H](CC[C@@H](OC(=O)N2CCC(CC2)N2C(=O)NC3=NC=CC=C23)C2=C1C=CC=N2)C1=C(F)C(F)=CC=C1
Memantine,CC12CC3CC(C)(C1)CC(N)(C3)C2
Remimazolam,COC(=O)CC[C@@H]1N=C(C2=CC=CC=N2)C2=CC(Br)=CC=C2N2C(C)=CN=C12
Aminobenzoic acid,NC1=CC=C(C=C1)C(O)=O
Ampicillin,[H][C@]12SC(C)(C)[C@@H](N1C(=O)[C@H]2NC(=O)[C@H](N)C1=CC=CC=C1)C(O)=O
Penbutolol,CC(C)(C)NC[C@H](O)COC1=CC=CC=C1C1CCCC1
Clevidipine,CCCC(=O)OCOC(=O)C1=C(C)NC(C)=C(C1C1=CC=CC(Cl)=C1Cl)C(=O)OC
Mephentermine,CNC(C)(C)CC1=CC=CC=C1
Calcium chloride,[Cl-].[Cl-].[Ca++]
Daclatasvir,COC(=O)N[C@@H](C(C)C)C(=O)N1CCC[C@H]1C1=NC=C(N1)C1=CC=C(C=C1)C1=CC=C(C=C1)C1=CN=C(N1)[C@@H]1CCCN1C(=O)[C@@H](NC(=O)OC)C(C)C
Trihexyphenidyl,OC(CCN1CCCCC1)(C1CCCCC1)C1=CC=CC=C1
Lenvatinib,COC1=C(C=C2C(OC3=CC=C(NC(=O)NC4CC4)C(Cl)=C3)=CC=NC2=C1)C(N)=O
Sonidegib,[H][C@]1(C)CN(C[C@@]([H])(C)O1)C1=CC=C(NC(=O)C2=CC=CC(=C2C)C2=CC=C(OC(F)(F)F)C=C2)C=N1
Methyldopa,C[C@](N)(CC1=CC=C(O)C(O)=C1)C(O)=O
Nicardipine,COC(=O)C1=C(C)NC(C)=C(C1C1=CC(=CC=C1)[N+]([O-])=O)C(=O)OCCN(C)CC1=CC=CC=C1
Copper gluconate,[Cu++].OC[C@@H](O)[C@@H](O)[C@H](O)[C@@H](O)C([O-])=O.OC[C@@H](O)[C@@H](O)[C@H](O)[C@@H](O)C([O-])=O
Eplerenone,[H][C@@]12CC[C@@]3(CCC(=O)O3)[C@@]1(C)C[C@H]1O[C@@]11[C@@]2([H])[C@@H](CC2=CC(=O)CC[C@]12C)C(=O)OC
Voxilaprevir,CC[C@@H]1[C@@H]2CN([C@@H]1C(=O)N[C@@]1(C[C@H]1C(F)F)C(=O)NS(=O)(=O)C1(C)CC1)C(=O)[C@@H](NC(=O)O[C@@H]1C[C@H]1CCCCC(F)(F)C1=C(O2)N=C2C=C(OC)C=CC2=N1)C(C)(C)C
Oxymetholone,[H][C@@]12CC[C@](C)(O)[C@@]1(C)CC[C@@]1([H])[C@@]2([H])CC[C@@]2([H])CC(=O)\C(C[C@]12C)=C/O
Fludeoxyglucose (18F),[H]C(=O)[C@H]([18F])[C@@H](O)[C@H](O)[C@H](O)CO
Guanethidine,NC(N)=NCCN1CCCCCCC1
Alectinib,CCC1=CC2=C(C=C1N1CCC(CC1)N1CCOCC1)C(C)(C)C1=C(C3=CC=C(C=C3N1)C#N)C2=O
Verapamil,COC1=C(OC)C=C(CCN(C)CCCC(C#N)(C(C)C)C2=CC(OC)=C(OC)C=C2)C=C1
Fesoterodine,CC(C)N(CC[C@H](C1=CC=CC=C1)C1=C(OC(=O)C(C)C)C=CC(CO)=C1)C(C)C
Pasireotide,NCCCC[C@@H]1NC(=O)[C@@H](CC2=CNC3=C2C=CC=C3)NC(=O)[C@@H](NC(=O)[C@@H]2C[C@H](CN2C(=O)[C@H](CC2=CC=CC=C2)NC(=O)[C@H](CC2=CC=C(OCC3=CC=CC=C3)C=C2)NC1=O)OC(=O)NCCN)C1=CC=CC=C1
Chlorzoxazone,ClC1=CC2=C(OC(=O)N2)C=C1
Cabotegravir,[H][C@@]12CN3C=C(C(=O)NCC4=C(F)C=C(F)C=C4)C(=O)C(O)=C3C(=O)N1[C@@H](C)CO2
Benzphetamine,C[C@@H](CC1=CC=CC=C1)N(C)CC1=CC=CC=C1
Midazolam,CC1=NC=C2CN=C(C3=CC=CC=C3F)C3=C(C=CC(Cl)=C3)N12
Rocuronium,[H][C@@]12C[C@@H]([C@H](OC(C)=O)[C@@]1(C)CC[C@@]1([H])[C@@]2([H])CC[C@@]2([H])C[C@H](O)[C@H](C[C@]12C)N1CCOCC1)[N+]1(CC=C)CCCC1
Selumetinib,CN1C=NC2=C(F)C(NC3=C(Cl)C=C(Br)C=C3)=C(C=C12)C(=O)NOCCO
Phenindamine,CN1CCC2=C(C1)C(C1=CC=CC=C21)C1=CC=CC=C1
Foscarnet,OC(=O)P(O)(O)=O
Bismuth subcitrate potassium,[K+].[K+].[K+].[K+].[K+].[Bi+3].[O-]C(=O)CC([O-])(CC([O-])=O)C([O-])=O.[O-]C(=O)CC([O-])(CC([O-])=O)C([O-])=O
Vortioxetine,CC1=CC=C(SC2=CC=CC=C2N2CCNCC2)C(C)=C1
Cladribine,NC1=C2N=CN([C@H]3C[C@H](O)[C@@H](CO)O3)C2=NC(Cl)=N1
Cannabidiol,CCCCCC1=CC(O)=C([C@@H]2C=C(C)CC[C@H]2C(C)=C)C(O)=C1
Dantrolene,[O-][N+](=O)C1=CC=C(C=C1)C1=CC=C(O1)\C=N\N1CC(=O)NC1=O
Amisulpride,CCN1CCCC1CNC(=O)C1=CC(=C(N)C=C1OC)S(=O)(=O)CC
Iopromide,COCC(=O)NC1=C(I)C(C(=O)N(C)CC(O)CO)=C(I)C(C(=O)NCC(O)CO)=C1I
Iopodic acid,CN(C)C=NC1=C(I)C=C(I)C(CCC(O)=O)=C1I
Dichloralphenazone,OC(O)C(Cl)(Cl)Cl.OC(O)C(Cl)(Cl)Cl.CN1N(C(=O)C=C1C)C1=CC=CC=C1
Lomitapide,FC(F)(F)CNC(=O)C1(CCCCN2CCC(CC2)NC(=O)C2=C(C=CC=C2)C2=CC=C(C=C2)C(F)(F)F)C2=CC=CC=C2C2=CC=CC=C12
Methoxamine,COC1=CC(C(O)C(C)N)=C(OC)C=C1
Halothane,[H]C(Cl)(Br)C(F)(F)F
Tolcapone,CC1=CC=C(C=C1)C(=O)C1=CC(=C(O)C(O)=C1)[N+]([O-])=O
Alfentanil,CCN1N=NN(CCN2CCC(COC)(CC2)N(C(=O)CC)C2=CC=CC=C2)C1=O
Naloxegol,COCCOCCOCCOCCOCCOCCOCCO[C@H]1CC[C@@]2(O)[C@H]3CC4=CC=C(O)C5=C4[C@@]2(CCN3CC=C)[C@H]1O5
Hydroxocobalamin,[N+]1=2[Co-3]345([N+]6=C7[C@H]([C@@](CC(=O)N)(C)[C@@]6([C@@]6(N3C(=C(C)C3=[N+]4C(C(C)(C)[C@@H]3CCC(=O)N)=CC3=[N+]5C(=C7C)[C@@](CC(=O)N)([C@@H]3CCC(=O)N)C)[C@@](C)([C@H]6CC(=O)N)CCC(NC[C@@H](C)OP(=O)(O[C@@H]3[C@H](O[C@H](N(C4=CC(=C(C=C14)C)C)C=2)[C@@H]3O)CO)[O-])=O)[H])C)CCC(=O)N)O[H]
Triethylenetetramine,NCCNCCNCCN
Thiothixene,CN(C)S(=O)(=O)C1=CC2=C(SC3=CC=CC=C3\C2=C\CCN2CCN(C)CC2)C=C1
Opicapone,CC1=C(C2=NOC(=N2)C2=CC(=C(O)C(O)=C2)[N+]([O-])=O)C(Cl)=[N+]([O-])C(C)=C1Cl
Fentanyl,CCC(=O)N(C1CCN(CCC2=CC=CC=C2)CC1)C1=CC=CC=C1
Cisatracurium,COC1=CC2=C(C=C1OC)[C@@H](CC1=CC(OC)=C(OC)C=C1)[N@@+](C)(CCC(=O)OCCCCCOC(=O)CC[N@@+]1(C)CCC3=C(C=C(OC)C(OC)=C3)[C@H]1CC1=CC(OC)=C(OC)C=C1)CC2
Bromfenac,NC1=C(CC(O)=O)C=CC=C1C(=O)C1=CC=C(Br)C=C1
Uracil mustard,ClCCN(CCCl)C1=CNC(=O)NC1=O
Pemigatinib,CCN1C(=O)N(CC2=CN=C3NC(CN4CCOCC4)=CC3=C12)C1=C(F)C(OC)=CC(OC)=C1F
Paraldehyde,CC1OC(C)OC(C)O1
Tacrine,NC1=C2CCCCC2=NC2=CC=CC=C12
Trimethoprim,COC1=CC(CC2=CN=C(N)N=C2N)=CC(OC)=C1OC
Ciclesonide,[H][C@@]12C[C@@]3([H])[C@]4([H])CCC5=CC(=O)C=C[C@]5(C)[C@@]4([H])[C@@H](O)C[C@]3(C)[C@@]1(O[C@@H](O2)C1CCCCC1)C(=O)COC(=O)C(C)C
Cefixime,[H][C@]12SCC(C=C)=C(N1C(=O)[C@H]2NC(=O)C(=N/OCC(O)=O)\C1=CSC(N)=N1)C(O)=O
Omadacycline,[H][C@@]12CC3=C(C=C(CNCC(C)(C)C)C(O)=C3C(=O)C1=C(O)[C@]1(O)C(=O)C(C(N)=O)=C(O)[C@@H](N(C)C)[C@]1([H])C2)N(C)C
Dutasteride,[H][C@@]1(CC[C@@]2([H])[C@]3([H])CC[C@@]4([H])NC(=O)C=C[C@]4(C)[C@@]3([H])CC[C@]12C)C(=O)NC1=CC(=CC=C1C(F)(F)F)C(F)(F)F
Phenelzine,NNCCC1=CC=CC=C1
Desflurane,FC(F)OC(F)C(F)(F)F
Stavudine,CC1=CN([C@@H]2O[C@H](CO)C=C2)C(=O)NC1=O
Nefazodone,CCC1=NN(CCCN2CCN(CC2)C2=CC(Cl)=CC=C2)C(=O)N1CCOC1=CC=CC=C1
Pralsetinib,CO[C@@]1(CC[C@@H](CC1)C1=NC(NC2=NNC(C)=C2)=CC(C)=N1)C(=O)N[C@@H](C)C1=CC=C(N=C1)N1C=C(F)C=N1
Fostemsavir,COC1=CN=C(N2C=NC(C)=N2)C2=C1C(=CN2COP(O)(O)=O)C(=O)C(=O)N1CCN(CC1)C(=O)C1=CC=CC=C1
Tolterodine,CC(C)N(CC[C@H](C1=CC=CC=C1)C1=C(O)C=CC(C)=C1)C(C)C
Oxandrolone,[H][C@@]12CC[C@](C)(O)[C@@]1(C)CC[C@@]1([H])[C@@]2([H])CC[C@@]2([H])CC(=O)OC[C@]12C
Iloperidone,COC1=C(OCCCN2CCC(CC2)C2=NOC3=C2C=CC(F)=C3)C=CC(=C1)C(C)=O
Iopamidol,C[C@H](O)C(=O)NC1=C(I)C(C(=O)NC(CO)CO)=C(I)C(C(=O)NC(CO)CO)=C1I
Calcium glubionate anhydrous,OC[C@@H](O)[C@@H](O)[C@H](O)[C@@H](O)C(=O)O[Ca]OC(=O)[C@H](O)[C@@H](O)[C@H](O[C@@H]1O[C@H](CO)[C@H](O)[C@H](O)[C@H]1O)[C@H](O)CO
Cefradine,[H][C@]12SCC(C)=C(N1C(=O)[C@H]2NC(=O)[C@H](N)C1=CCC=CC1)C(O)=O
Artemether,[H][C@@]12CC[C@@H](C)[C@]3([H])CC[C@@]4(C)OO[C@@]13[C@]([H])(O[C@H](OC)[C@@H]2C)O4
Sapropterin,[H][C@@]1(CNC2=C(N1)C(=O)NC(N)=N2)[C@@H](O)[C@H](C)O
Trimetrexate,COC1=CC(NCC2=C(C)C3=C(C=C2)N=C(N)N=C3N)=CC(OC)=C1OC
Mestranol,[H][C@@]12CC[C@@](O)(C#C)[C@@]1(C)CC[C@]1([H])C3=C(CC[C@@]21[H])C=C(OC)C=C3
Apraclonidine,NC1=CC(Cl)=C(NC2=NCCN2)C(Cl)=C1
Cangrelor,CSCCNC1=C2N=CN([C@@H]3O[C@H](COP(O)(=O)OP(O)(=O)C(Cl)(Cl)P(O)(O)=O)[C@@H](O)[C@H]3O)C2=NC(SCCC(F)(F)F)=N1
Pamidronic acid,NCCC(O)(P(O)(O)=O)P(O)(O)=O
Erdafitinib,COC1=CC(=CC(OC)=C1)N(CCNC(C)C)C1=CC=C2N=CC(=NC2=C1)C1=CN(C)N=C1
Levamisole,C1CN2C[C@@H](N=C2S1)C1=CC=CC=C1
Risedronic acid,OC(CC1=CN=CC=C1)(P(O)(O)=O)P(O)(O)=O
Mecamylamine,CNC1(C)C2CCC(C2)C1(C)C
Tolazoline,C(C1=NCCN1)C1=CC=CC=C1
Frovatriptan,CN[C@@H]1CCC2=C(C1)C1=C(N2)C=CC(=C1)C(N)=O
Bretylium,CC[N+](C)(C)CC1=CC=CC=C1Br
Zinc sulfate,[Zn++].[O-]S([O-])(=O)=O
Ergometrine,[H][C@@]12CC3=CNC4=CC=CC(=C34)C1=C[C@H](CN2C)C(=O)N[C@@H](C)CO
Zinc acetate,[Zn++].CC([O-])=O.CC([O-])=O
Gallium chloride Ga-67,[Cl-].[Cl-].[Cl-].[67Ga+3]
Clorazepic acid,OC(=O)C1N=C(C2=CC=CC=C2)C2=C(NC1=O)C=CC(Cl)=C2
Prucalopride,COCCCN1CCC(CC1)NC(=O)C1=C2OCCC2=C(N)C(Cl)=C1
Methocarbamol,COC1=C(OCC(O)COC(N)=O)C=CC=C1
Ceftolozane,CN1C(N)=C(NC(=O)NCCN)C=[N+]1CC1=C(N2[C@H](SC1)[C@H](NC(=O)C(=N/OC(C)(C)C(O)=O)\C1=NSC(N)=N1)C2=O)C([O-])=O
Aurothioglucose,OC[C@H]1O[C@H](S[Au])[C@H](O)[C@@H](O)[C@@H]1O
Valproic acid,CCCC(CCC)C(O)=O
Zinc gluconate,[Zn++].[H][C@@](O)(CO)[C@@]([H])(O)[C@]([H])(O)[C@@]([H])(O)C([O-])=O.[H][C@@](O)(CO)[C@@]([H])(O)[C@]([H])(O)[C@@]([H])(O)C([O-])=O
Glecaprevir,[H][C@@]12CN(C(=O)[C@@]([H])(NC(=O)O[C@]3([H])CCC[C@@]3([H])OC\C=C\C(F)(F)C3=NC4=C(C=CC=C4)N=C3O1)C(C)(C)C)[C@@]([H])(C2)C(=O)N[C@@]1(C[C@H]1C(F)F)C(=O)NS(=O)(=O)C1(C)CC1
Rasagiline,C#CCN[C@@H]1CCC2=CC=CC=C12
Dacomitinib,COC1=C(NC(=O)\C=C\CN2CCCCC2)C=C2C(NC3=CC(Cl)=C(F)C=C3)=NC=NC2=C1
Rotigotine,CCCN(CCC1=CC=CS1)[C@H]1CCC2=C(O)C=CC=C2C1
Ropivacaine,CCCN1CCCC[C@H]1C(=O)NC1=C(C)C=CC=C1C
Phenoxymethylpenicillin,[H][C@]12SC(C)(C)[C@@H](N1C(=O)[C@H]2NC(=O)COC1=CC=CC=C1)C(O)=O
Desogestrel,[H][C@@]12CC[C@@](O)(C#C)[C@@]1(CC)CC(=C)[C@]1([H])[C@@]3([H])CCCC=C3CC[C@@]21[H]
Dexmethylphenidate,[H][C@@](C(=O)OC)(C1=CC=CC=C1)[C@@]1([H])CCCCN1
Sugammadex,O[C@@H]1[C@@H](O)[C@@H]2O[C@H]3O[C@H](CSCCC(O)=O)[C@@H](O[C@H]4O[C@H](CSCCC(O)=O)[C@@H](O[C@H]5O[C@H](CSCCC(O)=O)[C@@H](O[C@H]6O[C@H](CSCCC(O)=O)[C@@H](O[C@H]7O[C@H](CSCCC(O)=O)[C@@H](O[C@H]8O[C@H](CSCCC(O)=O)[C@@H](O[C@H]9O[C@H](CSCCC(O)=O)[C@@H](O[C@H]1O[C@@H]2CSCCC(O)=O)[C@H](O)[C@H]9O)[C@H](O)[C@H]8O)[C@H](O)[C@H]7O)[C@H](O)[C@H]6O)[C@H](O)[C@H]5O)[C@H](O)[C@H]4O)[C@H](O)[C@H]3O
Phenylbutyric acid,OC(=O)CCCC1=CC=CC=C1
Ceftibuten,[H][C@]12SCC=C(N1C(=O)[C@H]2NC(=O)C(=C/CC(O)=O)\C1=CSC(N)=N1)C(O)=O
Fluoxymesterone,[H][C@@]12CC[C@](C)(O)[C@@]1(C)C[C@H](O)[C@@]1(F)[C@@]2([H])CCC2=CC(=O)CC[C@]12C
Iopanoic acid,CCC(CC1=C(I)C(N)=C(I)C=C1I)C(O)=O
Simeprevir,[H][C@]12C[C@]1(NC(=O)[C@]1([H])C[C@H](C[C@@]1([H])C(=O)N(C)CCCC\C=C/2)OC1=CC(=NC2=C1C=CC(OC)=C2C)C1=NC(=CS1)C(C)C)C(=O)NS(=O)(=O)C1CC1
Potassium gluconate,[K+].[H][C@@](O)(CO)[C@@]([H])(O)[C@]([H])(O)[C@@]([H])(O)C([O-])=O
Nizatidine,CNC(NCCSCC1=CSC(CN(C)C)=N1)=C[N+]([O-])=O
Velpatasvir,COC[C@H]1C[C@H](N(C1)C(=O)[C@H](NC(=O)OC)C1=CC=CC=C1)C1=NC=C(N1)C1=CC=C2C(COC3=CC4=C(C=CC5=C4NC(=N5)[C@@H]4CC[C@H](C)N4C(=O)[C@@H](NC(=O)OC)C(C)C)C=C23)=C1
Silodosin,C[C@H](CC1=CC2=C(N(CCCO)CC2)C(=C1)C(N)=O)NCCOC1=CC=CC=C1OCC(F)(F)F
Dobutamine,CC(CCC1=CC=C(O)C=C1)NCCC1=CC(O)=C(O)C=C1
Etonogestrel,[H][C@@]12CC[C@@](O)(C#C)[C@@]1(CC)CC(=C)[C@]1([H])[C@@]3([H])CCC(=O)C=C3CC[C@@]21[H]
Metaxalone,CC1=CC(OCC2CNC(=O)O2)=CC(C)=C1
Avapritinib,CN1C=C(C=N1)C1=CN2N=CN=C(N3CCN(CC3)C3=NC=C(C=N3)[C@@](C)(N)C3=CC=C(F)C=C3)C2=C1
Liotrix,[Na+].[Na+].N[C@@H](CC1=CC(I)=C(OC2=CC(I)=C(O)C=C2)C(I)=C1)C([O-])=O.N[C@@H](CC1=CC(I)=C(OC2=CC(I)=C(O)C(I)=C2)C(I)=C1)C([O-])=O
Homatropine,[H][C@]12CC[C@]([H])(C[C@@H](C1)OC(=O)C(O)C1=CC=CC=C1)N2C
Piperazine,C1CNCCN1
Tiludronic acid,OP(O)(=O)C(SC1=CC=C(Cl)C=C1)P(O)(O)=O
Metyrosine,C[C@](N)(CC1=CC=C(O)C=C1)C(O)=O
Gadobutrol,OC[C@H](O)[C@H](CO)[N+]12CC[N+]3(CC([O-])=O)CC[N+]4(CC([O-])=O)CC[N+](CC([O-])=O)(CC1)[Gd-]234
Tyropanoic acid,CCCC(=O)NC1=C(I)C=C(I)C(CC(CC)C(O)=O)=C1I
Cefoperazone,[H][C@]12SCC(CSC3=NN=NN3C)=C(N1C(=O)[C@@]2([H])NC(=O)[C@H](NC(=O)N1CCN(CC)C(=O)C1=O)C1=CC=C(O)C=C1)C(O)=O
Fingolimod,CCCCCCCCC1=CC=C(CCC(N)(CO)CO)C=C1
Famciclovir,CC(=O)OCC(CCN1C=NC2=CN=C(N)N=C12)COC(C)=O
Meprobamate,CCCC(C)(COC(N)=O)COC(N)=O
Tazemetostat,CCN(C1CCOCC1)C1=C(C)C(=CC(=C1)C1=CC=C(CN2CCOCC2)C=C1)C(=O)NCC1=C(C)C=C(C)NC1=O
Elvitegravir,[H][C@@](CO)(C(C)C)N1C=C(C(O)=O)C(=O)C2=C1C=C(OC)C(CC1=C(F)C(Cl)=CC=C1)=C2
Bismuth subsalicylate,O[Bi]1OC(=O)C2=CC=CC=C2O1
Levacetylmethadol,CC[C@H](OC(C)=O)C(C[C@H](C)N(C)C)(C1=CC=CC=C1)C1=CC=CC=C1
Potassium Iodide,[K+].[I-]
Oxymorphone,[H][C@@]12OC3=C(O)C=CC4=C3[C@@]11CCN(C)[C@]([H])(C4)[C@]1(O)CCC2=O
Gadoteric acid,[Gd+3].OC(=O)CN1CCN(CC([O-])=O)CCN(CC([O-])=O)CCN(CC([O-])=O)CC1
Fosnetupitant,CN(C(=O)C(C)(C)C1=CC(=CC(=C1)C(F)(F)F)C(F)(F)F)C1=CN=C(C=C1C1=CC=CC=C1C)N1CC[N+](C)(COP(O)([O-])=O)CC1
Alvimopan,C[C@H]1CN(C[C@H](CC2=CC=CC=C2)C(=O)NCC(O)=O)CC[C@@]1(C)C1=CC(O)=CC=C1
Mifepristone,[H][C@@]12CC[C@@](O)(C#CC)[C@@]1(C)C[C@H](C1=CC=C(C=C1)N(C)C)C1=C3CCC(=O)C=C3CC[C@@]21[H]
Methsuximide,CN1C(=O)CC(C)(C1=O)C1=CC=CC=C1
Prasterone enantate,[H][C@@]12CCC(=O)[C@@]1(C)CC[C@@]1([H])[C@@]2([H])CC=C2C[C@H](CC[C@]12C)OC(=O)CCCCCC
Nitrofurantoin,[O-][N+](=O)C1=CC=C(O1)\C=N\N1CC(=O)NC1=O
Leucovorin,[H]C(=O)N1C(CNC2=CC=C(C=C2)C(=O)N[C@@H](CCC(O)=O)C(O)=O)CNC2=C1C(=O)NC(N)=N2
Ceftaroline fosamil,[H][C@]12SCC(SC3=NC(=CS3)C3=CC=[N+](C)C=C3)=C(N1C(=O)[C@H]2NC(=O)C(=N/OCC)\C1=NSC(NP(O)(O)=O)=N1)C([O-])=O
Cefotaxime,[H][C@]12SCC(COC(C)=O)=C(N1C(=O)[C@H]2NC(=O)C(=N/OC)\C1=CSC(N)=N1)C(O)=O
Tirofiban,CCCCS(=O)(=O)N[C@@H](CC1=CC=C(OCCCCC2CCNCC2)C=C1)C(O)=O
Brexanolone,[H][C@@]1(CC[C@@]2([H])[C@]3([H])CC[C@@]4([H])C[C@H](O)CC[C@]4(C)[C@@]3([H])CC[C@]12C)C(C)=O
Aztreonam,C[C@H]1[C@H](NC(=O)C(=N/OC(C)(C)C(=O)O)\C2=CSC([NH3+])=N2)C(=O)N1S([O-])(=O)=O
Ascorbic acid,[H][C@@]1(OC(=O)C(O)=C1O)[C@@H](O)CO
Topiramate,[H][C@@]12CO[C@@]3(COS(N)(=O)=O)OC(C)(C)O[C@@]3([H])[C@]1([H])OC(C)(C)O2
Bempedoic acid,CC(C)(CCCCCC(O)CCCCCC(C)(C)C(O)=O)C(O)=O
Halofantrine,CCCCN(CCCC)CCC(O)C1=C2C=CC(=CC2=C2C=C(Cl)C=C(Cl)C2=C1)C(F)(F)F
Fenoldopam,OC1=CC=C(C=C1)C1CNCCC2=C(Cl)C(O)=C(O)C=C12
Pentostatin,OC[C@H]1O[C@H](C[C@@H]1O)N1C=NC2=C1N=CNC[C@H]2O
Rabeprazole,COCCCOC1=C(C)C(CS(=O)C2=NC3=CC=CC=C3N2)=NC=C1
Pentazocine,CC1C2CC3=C(C=C(O)C=C3)C1(C)CCN2CC=C(C)C
Gadoxetic acid,[Gd+3].[H][C@@](CN(CCN(CC([O-])=O)CC([O-])=O)CC([O-])=O)(CC1=CC=C(OCC)C=C1)N(CC(O)=O)CC(O)=O
Zileuton,CC(N(O)C(N)=O)C1=CC2=CC=CC=C2S1
Gadoteridol,[Gd+3].CC(O)CN1CCN(CC([O-])=O)CCN(CC([O-])=O)CCN(CC([O-])=O)CC1
Halazepam,FC(F)(F)CN1C2=C(C=C(Cl)C=C2)C(=NCC1=O)C1=CC=CC=C1
Atovaquone,OC1=C([C@H]2CC[C@@H](CC2)C2=CC=C(Cl)C=C2)C(=O)C2=CC=CC=C2C1=O
Ceftriaxone,[H][C@]12SCC(CSC3=NC(=O)C(=O)NN3C)=C(N1C(=O)[C@H]2NC(=O)C(=N/OC)\C1=CSC(N)=N1)C(O)=O
Sodium aurothiomalate,[Na+].[Na+].[O-]C(=O)CC(S[Au])C([O-])=O
Clindamycin,[H][C@@](NC(=O)[C@@H]1C[C@@H](CCC)CN1C)([C@H](C)Cl)[C@@]1([H])O[C@H](SC)[C@H](O)[C@@H](O)[C@H]1O
Glutamic acid,N[C@@H](CCC(O)=O)C(O)=O
Raltegravir,CN1C(=O)C(O)=C(N=C1C(C)(C)NC(=O)C1=NN=C(C)O1)C(=O)NCC1=CC=C(F)C=C1
Cefaclor,[H][C@]12SCC(Cl)=C(N1C(=O)[C@H]2NC(=O)[C@H](N)C1=CC=CC=C1)C(O)=O
Bleomycin,[H][C@](C)(NC(=O)[C@@]([H])(NC(=O)C1=NC(=NC(N)=C1C)[C@H](CC(N)=O)NC[C@H](N)C(N)=O)[C@@]([H])(OC1OC(CO)C(O)C(O)C1OC1OC(CO)C(O)C(OC(N)=O)C1O)C1=CNC=N1)[C@@H](O)[C@H](C)C(=O)N[C@]([H])(C(=O)NCCC1=NC(=CS1)C1=NC(=CS1)C(=O)NCCC[S+](C)C)[C@@]([H])(C)O
Difenoxin,OC(=O)C1(CCN(CCC(C#N)(C2=CC=CC=C2)C2=CC=CC=C2)CC1)C1=CC=CC=C1
Doxapram,CCN1CC(CCN2CCOCC2)C(C1=O)(C1=CC=CC=C1)C1=CC=CC=C1
Sulfadiazine,NC1=CC=C(C=C1)S(=O)(=O)NC1=NC=CC=N1
Dicloxacillin,[H][C@]12SC(C)(C)[C@@H](N1C(=O)[C@H]2NC(=O)C1=C(C)ON=C1C1=C(Cl)C=CC=C1Cl)C(O)=O
Zoledronic acid,OC(CN1C=CN=C1)(P(O)(O)=O)P(O)(O)=O
Finasteride,[H][C@@]12CC[C@H](C(=O)NC(C)(C)C)[C@@]1(C)CC[C@@]1([H])[C@@]2([H])CC[C@@]2([H])NC(=O)C=C[C@]12C
Colistimethate,CCC(C)CCCCC(=O)NC(CCNCS([O-])(=O)=O)C(=O)NC(C(C)O)C(=O)NC(CCNCS([O-])(=O)=O)C(=O)NC1CCNC(=O)C(NC(=O)C(CCNCS([O-])(=O)=O)NC(=O)C(CCNCS([O-])(=O)=O)NC(=O)C(CC(C)C)NC(=O)C(CC(C)C)NC(=O)C(CCNCS([O-])(=O)=O)NC1=O)C(C)O
Indium In-111 pentetate,[111In+3].OC(=O)CN(CCN(CCN(CC([O-])=O)CC([O-])=O)CC([O-])=O)CC(O)=O
Lacosamide,COC[C@@H](NC(C)=O)C(=O)NCC1=CC=CC=C1
Amoxicillin,[H][C@]12SC(C)(C)[C@@H](N1C(=O)[C@H]2NC(=O)[C@H](N)C1=CC=C(O)C=C1)C(O)=O
Eravacycline,[H][C@@]12CC3=C(F)C=C(NC(=O)CN4CCCC4)C(O)=C3C(=O)C1=C(O)[C@]1(O)C(=O)C(C(N)=O)=C(O)[C@@H](N(C)C)[C@]1([H])C2
Armodafinil,NC(=O)C[S@@](=O)C(C1=CC=CC=C1)C1=CC=CC=C1
Alprostadil,CCCCC[C@H](O)\C=C\[C@H]1[C@H](O)CC(=O)[C@@H]1CCCCCCC(O)=O
Iodine,II
Bromotheophylline,CN1C2=C(NC(Br)=N2)C(=O)N(C)C1=O
Clofibrate,CCOC(=O)C(C)(C)OC1=CC=C(Cl)C=C1
Edrophonium,CC[N+](C)(C)C1=CC(O)=CC=C1
Cefepime,CO\N=C(/C(=O)N[C@@H]1C(=O)N2[C@]1([H])SCC(C[N+]1(C)CCCC1)=C2C([O-])=O)C1=CSC(N)=N1
Bupivacaine,CCCCN1CCCCC1C(=O)NC1=C(C)C=CC=C1C
Lamotrigine,NC1=NC(N)=C(N=N1)C1=C(Cl)C(Cl)=CC=C1
Zolmitriptan,CN(C)CCC1=CNC2=CC=C(C[C@H]3COC(=O)N3)C=C12
Moexipril,CCOC(=O)[C@H](CCC1=CC=CC=C1)N[C@@H](C)C(=O)N1CC2=CC(OC)=C(OC)C=C2C[C@H]1C(O)=O
Nicotinamide,NC(=O)C1=CN=CC=C1
Tocainide,CC(N)C(=O)NC1=C(C)C=CC=C1C
Monopotassium phosphate,[K+].OP(O)([O-])=O
Cefonicid,[H][C@]12SCC(CSC3=NN=NN3CS(O)(=O)=O)=C(N1C(=O)[C@H]2NC(=O)[C@H](O)C1=CC=CC=C1)C(O)=O
Gadodiamide,[Gd+3].CNC(=O)CN(CCN(CCN(CC([O-])=O)CC(=O)NC)CC([O-])=O)CC([O-])=O
Amrinone,NC1=CC(=CNC1=O)C1=CC=NC=C1
Cidofovir,NC1=NC(=O)N(C[C@@H](CO)OCP(O)(O)=O)C=C1
Calcium glucoheptonate,[Ca++].OC[C@@H](O)[C@@H](O)[C@H](O)[C@@H](O)C(O)C([O-])=O.OC[C@@H](O)[C@@H](O)[C@H](O)[C@@H](O)C(O)C([O-])=O
Moxifloxacin,[H][C@]12CN(C[C@@]1([H])NCCC2)C1=C(F)C=C2C(=O)C(=CN(C3CC3)C2=C1OC)C(O)=O
Dolutegravir,[H][C@]12CN3C=C(C(=O)NCC4=CC=C(F)C=C4F)C(=O)C(O)=C3C(=O)N1[C@H](C)CCO2
Melatonin,COC1=CC=C2NC=C(CCNC(C)=O)C2=C1
Phenacemide,NC(=O)NC(=O)CC1=CC=CC=C1
Adenosine,NC1=C2N=CN([C@@H]3O[C@H](CO)[C@@H](O)[C@H]3O)C2=NC=N1
Metocurine,[H][C@@]12CC3=CC=C(OC4=C5C(CC[N+](C)(C)[C@]5([H])CC5=CC(OC6=C(OC)C=C(CC[N+]1(C)C)C2=C6)=C(OC)C=C5)=CC(OC)=C4OC)C=C3
Flumazenil,CCOC(=O)C1=C2CN(C)C(=O)C3=C(C=CC(F)=C3)N2C=N1
Levoleucovorin,NC1=NC(=O)C2=C(NC[C@H](CNC3=CC=C(C=C3)C(=O)N[C@@H](CCC(O)=O)C(O)=O)N2C=O)N1
Citric acid,OC(=O)CC(O)(CC(O)=O)C(O)=O
Carmustine,ClCCNC(=O)N(CCCl)N=O
Miltefosine,CCCCCCCCCCCCCCCCOP([O-])(=O)OCC[N+](C)(C)C
Methylnaltrexone,C[N@+]1(CC2CC2)CC[C@]23[C@H]4OC5=C(O)C=CC(C[C@@H]1[C@]2(O)CCC4=O)=C35
Penicillamine,[H][C@](N)(C(O)=O)C(C)(C)S
Metyrapone,CC(C)(C(=O)C1=CN=CC=C1)C1=CC=CN=C1
Ferrous sulfate anhydrous,[Fe++].[O-]S([O-])(=O)=O
Tromethamine,NC(CO)(CO)CO
Sofosbuvir,CC(C)OC(=O)[C@H](C)N[P@](=O)(OC[C@H]1O[C@@H](N2C=CC(=O)NC2=O)[C@](C)(F)[C@@H]1O)OC1=CC=CC=C1
Meticillin,[H][C@]12SC(C)(C)[C@@H](N1C(=O)[C@H]2NC(=O)C1=C(OC)C=CC=C1OC)C(O)=O
Moricizine,CCOC(=O)NC1=CC2=C(SC3=CC=CC=C3N2C(=O)CCN2CCOCC2)C=C1
Sacubitril,CCOC(=O)[C@H](C)C[C@@H](CC1=CC=C(C=C1)C1=CC=CC=C1)NC(=O)CCC(O)=O
Desloratadine,ClC1=CC2=C(C=C1)C(=C1CCNCC1)C1=C(CC2)C=CC=N1
Lesinurad,OC(=O)CSC1=NN=C(Br)N1C1=CC=C(C2CC2)C2=C1C=CC=C2
Mezlocillin,[H][C@]12SC(C)(C)[C@@H](N1C(=O)[C@H]2NC(=O)[C@H](NC(=O)N1CCN(C1=O)S(C)(=O)=O)C1=CC=CC=C1)C(O)=O
Tryptophan,N[C@@H](CC1=CNC2=C1C=CC=C2)C(O)=O
Trametinib,CN1C(=O)C(C)=C2N(C(=O)N(C3CC3)C(=O)C2=C1NC1=CC=C(I)C=C1F)C1=CC(NC(C)=O)=CC=C1
Acetohydroxamic acid,CC(=O)NO
Stanozolol,[H][C@@]12CC[C@](C)(O)[C@@]1(C)CC[C@@]1([H])[C@@]2([H])CC[C@@]2([H])CC3=NNC=C3C[C@]12C
Ethchlorvynol,CCC(O)(\C=C\Cl)C#C
Tafenoquine,COC1=CC(C)=C2C(OC3=CC=CC(=C3)C(F)(F)F)=C(OC)C=C(NC(C)CCCN)C2=N1
Edetate disodium anhydrous,[Na+].[Na+].OC(=O)CN(CCN(CC(O)=O)CC([O-])=O)CC([O-])=O
Decitabine,NC1=NC(=O)N(C=N1)[C@H]1C[C@H](O)[C@@H](CO)O1
Vigabatrin,NC(CCC(O)=O)C=C
Metaraminol,C[C@H](N)[C@H](O)C1=CC(O)=CC=C1
Misoprostol,CCCCC(C)(O)C\C=C\[C@H]1[C@H](O)CC(=O)[C@@H]1CCCCCCC(=O)OC
Pyrimethamine,CCC1=C(C(N)=NC(N)=N1)C1=CC=C(Cl)C=C1
Almotriptan,CN(C)CCC1=CNC2=C1C=C(CS(=O)(=O)N1CCCC1)C=C2
Potassium bicarbonate,[K+].OC([O-])=O
Bacampicillin,[H][C@]12SC(C)(C)[C@@H](N1C(=O)[C@H]2NC(=O)[C@H](N)C1=CC=CC=C1)C(=O)OC(C)OC(=O)OCC
Cefadroxil,[H][C@]12SCC(C)=C(N1C(=O)[C@H]2NC(=O)[C@H](N)C1=CC=C(O)C=C1)C(O)=O
Norgestrel,CCC12CCC3C(CCC4=CC(=O)CCC34)C1CCC2(O)C#C
Testosterone,C[C@]12CC[C@H]3[C@@H](CCC4=CC(=O)CC[C@]34C)[C@@H]1CC[C@@H]2O
Fenofibric acid,CC(C)(OC1=CC=C(C=C1)C(=O)C1=CC=C(Cl)C=C1)C(O)=O
Chloral hydrate,OC(O)C(Cl)(Cl)Cl
Allopurinol,OC1=NC=NC2=C1C=NN2
Meropenem,[H][C@]1([C@@H](C)O)C(=O)N2C(C(O)=O)=C(S[C@@H]3CN[C@@H](C3)C(=O)N(C)C)[C@H](C)[C@]12[H]
Propylthiouracil,CCCC1=CC(=O)NC(=S)N1
Acyclovir,NC1=NC(=O)C2=C(N1)N(COCCO)C=N2
Fenofibrate,CC(C)OC(=O)C(C)(C)OC1=CC=C(C=C1)C(=O)C1=CC=C(Cl)C=C1
Phenoxybenzamine,CC(COC1=CC=CC=C1)N(CCCl)CC1=CC=CC=C1
Riluzole,NC1=NC2=C(S1)C=C(OC(F)(F)F)C=C2
Cloxacillin,[H][C@]12SC(C)(C)[C@@H](N1C(=O)[C@H]2NC(=O)C1=C(C)ON=C1C1=CC=CC=C1Cl)C(O)=O
Mebrofenin,CC1=CC(C)=C(Br)C(C)=C1NC(=O)CN(CC(O)=O)CC(O)=O
Cefoxitin,[H][C@]12SCC(COC(N)=O)=C(N1C(=O)[C@]2(NC(=O)CC1=CC=CS1)OC)C(O)=O
Pregabalin,CC(C)C[C@H](CN)CC(O)=O
Sulfamethoxazole,CC1=CC(NS(=O)(=O)C2=CC=C(N)C=C2)=NO1
Gadopentetic acid,[Gd+3].OC(=O)CN(CCN(CCN(CC(O)=O)CC([O-])=O)CC([O-])=O)CC([O-])=O
Solriamfetol,N[C@@H](COC(N)=O)CC1=CC=CC=C1
Cisapride,CO[C@H]1CN(CCCOC2=CC=C(F)C=C2)CC[C@H]1NC(=O)C1=CC(Cl)=C(N)C=C1OC
Potassium perchlorate,[K+].[O-][Cl](=O)(=O)=O
Enflurane,FC(F)OC(F)(F)C(F)Cl
Raloxifene,OC1=CC=C(C=C1)C1=C(C(=O)C2=CC=C(OCCN3CCCCC3)C=C2)C2=C(S1)C=C(O)C=C2
Thallous Chloride,Cl[Tl]
Norepinephrine,NC[C@H](O)C1=CC(O)=C(O)C=C1
Lamivudine,NC1=NC(=O)N(C=C1)[C@@H]1CS[C@H](CO)O1
Cephalexin,[H][C@]12SCC(C)=C(N1C(=O)[C@H]2NC(=O)[C@H](N)C1=CC=CC=C1)C(O)=O
Ceftizoxime,[H][C@]12SCC=C(N1C(=O)[C@H]2NC(=O)C(=N/OC)\C1=CSC(N)=N1)C(O)=O
Arbutamine,O[C@@H](CNCCCCC1=CC=C(O)C=C1)C1=CC(O)=C(O)C=C1
Regadenoson,CNC(=O)C1=CN(N=C1)C1=NC2=C(N=CN2[C@@H]2O[C@H](CO)[C@@H](O)[C@H]2O)C(N)=N1
Pretomanid,[O-][N+](=O)C1=CN2C[C@@H](COC2=N1)OCC1=CC=C(OC(F)(F)F)C=C1
Sodium ferric gluconate complex,[O--].[O--].[O--].[Na+].[Fe+3].[Fe+3].OC[C@@H](O)[C@@H](O)[C@H](O)[C@@H](O)C([O-])=O.OC[C@H]1O[C@@](CO)(O[C@H]2O[C@H](CO)[C@@H](O)[C@H](O)[C@H]2O)[C@@H](O)[C@@H]1O.OC[C@H]1O[C@@](CO)(O[C@H]2O[C@H](CO)[C@@H](O)[C@H](O)[C@H]2O)[C@@H](O)[C@@H]1O.OC[C@H]1O[C@@](CO)(O[C@H]2O[C@H](CO)[C@@H](O)[C@H](O)[C@H]2O)[C@@H](O)[C@@H]1O.OC[C@H]1O[C@@](CO)(O[C@H]2O[C@H](CO)[C@@H](O)[C@H](O)[C@H]2O)[C@@H](O)[C@@H]1O.OC[C@H]1O[C@@](CO)(O[C@H]2O[C@H](CO)[C@@H](O)[C@H](O)[C@H]2O)[C@@H](O)[C@@H]1O
Probenecid,CCCN(CCC)S(=O)(=O)C1=CC=C(C=C1)C(O)=O
Sodium zirconium cyclosilicate,[Na+].[Na+].[Zr].[O-][Si]1([O-])O[Si]([O-])([O-])O[Si]([O-])([O-])O1
Imipenem,[H][C@]12CC(SCC\N=C\N)=C(N1C(=O)[C@]2([H])[C@@H](C)O)C(O)=O
Bethanechol,CC(C[N+](C)(C)C)OC(N)=O
Cefotetan,[H][C@]12SCC(CSC3=NN=NN3C)=C(N1C(=O)[C@]2(NC(=O)C1SC(S1)=C(C(N)=O)C(O)=O)OC)C(O)=O
Valaciclovir,CC(C)[C@H](N)C(=O)OCCOCN1C=NC2=C1NC(N)=NC2=O
Emtricitabine,[H][C@@]1(CO)O[C@@]([H])(CS1)N1C=C(F)C(=N)N=C1O
Lutetium Lu 177 dotatate,[177Lu+3].C[C@@H](O)[C@H](NC(=O)[C@@H]1CSSC[C@H](NC(=O)[C@@H](CC2=CC=CC=C2)NC(=O)CN2CCN(CC([O-])=O)CCN(CC([O-])=O)CCN(CC([O-])=O)CC2)C(=O)N[C@@H](CC2=CC=C(O)C=C2)C(=O)N[C@H](CC2=CNC3=C2C=CC=C3)C(=O)N[C@@H](CCCCN)C(=O)N[C@@H]([C@@H](C)O)C(=O)N1)C(O)=O
Cefamandole,[H][C@]12SCC(CSC3=NN=NN3C)=C(N1C(=O)[C@H]2NC(=O)[C@H](O)C1=CC=CC=C1)C(O)=O
Phylloquinone,CC(C)CCC[C@@H](C)CCC[C@@H](C)CCC\C(C)=C\CC1=C(C)C(=O)C2=C(C=CC=C2)C1=O
Isoflurane,FC(F)OC(Cl)C(F)(F)F
Bismuth subgallate,O[Bi]1OC2=CC(=CC(O)=C2O1)C(O)=O
Sodium acetate,[Na+].CC([O-])=O
Gadofosveset trisodium,[Na+].[Na+].[Na+].[Gd+3].[O-]C(=O)CN(CCN(CC([O-])=O)CC([O-])=O)C[C@H](COP([O-])(=O)OC1CCC(CC1)(C1=CC=CC=C1)C1=CC=CC=C1)N(CC([O-])=O)CC([O-])=O
Potassium acetate,[K+].CC([O-])=O
Nitroglycerin,[O-][N+](=O)OCC(CO[N+]([O-])=O)O[N+]([O-])=O
Dexrazoxane,C[C@@H](CN1CC(=O)NC(=O)C1)N1CC(=O)NC(=O)C1
Cefazolin,[H][C@]12SCC(CSC3=NN=C(C)S3)=C(N1C(=O)[C@H]2NC(=O)CN1C=NN=N1)C(O)=O
Doripenem,[H][C@]12[C@@H](C)C(S[C@@H]3CN[C@H](CNS(N)(=O)=O)C3)=C(N1C(=O)[C@]2([H])[C@@H](C)O)C(O)=O
Nicotine,CN1CCC[C@H]1C1=CN=CC=C1
Gadoversetamide,[Gd+3].COCCNC(=O)CN(CCN(CCN(CC([O-])=O)CC(=O)NCCOC)CC([O-])=O)CC([O-])=O
Testolactone,[H][C@@]12CCC3=CC(=O)C=C[C@]3(C)[C@@]1([H])CC[C@]1(C)OC(=O)CC[C@@]21[H]
Ammonium chloride,[NH4+].[Cl-]
Samarium (153Sm) lexidronam,[153Sm+3].OP(O)(=O)CN(CCN(CP(O)([O-])=O)CP(O)([O-])=O)CP(O)([O-])=O
Elbasvir,[H][C@]1(CCCN1C(=O)[C@@H](NC(=O)OC)C(C)C)C1=NC=C(N1)C1=CC2=C(C=C1)N1[C@@H](OC3=C(C=CC(=C3)C3=CN=C(N3)[C@]3([H])CCCN3C(=O)[C@@H](NC(=O)OC)C(C)C)C1=C2)C1=CC=CC=C1
Fospropofol,CC(C)C1=CC=CC(C(C)C)=C1OCOP(O)(O)=O
Ertapenem,[H][C@]12[C@@H](C)C(S[C@]3([H])CN[C@@]([H])(C3)C(=O)NC3=CC=CC(=C3)C(O)=O)=C(N1C(=O)[C@]2([H])[C@@H](C)O)C(O)=O
Isosorbide,[H][C@]1(O)CO[C@]2([H])[C@]([H])(O)CO[C@]12[H]
Selenium,[Se]
Ceftazidime,[O-]C(=O)C1=C(CS[C@]2([H])[C@H](NC(=O)C(=N/OC(C)(C)C(O)=O)\C3=CSC(N)=N3)C(=O)N12)C[N+]1=CC=CC=C1
Lactic acid,CC(O)C(O)=O
Aminosalicylic acid,NC1=CC(O)=C(C=C1)C(O)=O
Mirabegron,NC1=NC(CC(=O)NC2=CC=C(CCNC[C@H](O)C3=CC=CC=C3)C=C2)=CS1
Elexacaftor,C[C@@H]1CN(C2=NC(=CC=C2C(=O)NS(=O)(=O)C2=CN(C)N=C2C)N2C=CC(OCC(C)(C)C(F)(F)F)=N2)C(C)(C)C1
Oseltamivir,CCOC(=O)C1=C[C@@H](OC(CC)CC)[C@H](NC(C)=O)[C@@H](N)C1
Loracarbef,N[C@@H](C(=O)N[C@H]1[C@H]2CCC(Cl)=C(N2C1=O)C(O)=O)C1=CC=CC=C1
Oxitriptan,N[C@@H](CC1=CNC2=C1C=C(O)C=C2)C(O)=O
Dextrothyroxine,N[C@H](CC1=CC(I)=C(OC2=CC(I)=C(O)C(I)=C2)C(I)=C1)C(O)=O
Rizatriptan,CN(C)CCC1=CNC2=C1C=C(CN1C=NC=N1)C=C2
Mecobalamin,C1(CC[C@@]2([C@@H](CC(N)=O)[C@@]3([C@@]4([N+]5=C([C@H]([C@@]4(CC(N)=O)C)CCC(N)=O)C(C)=C4[N+]6=C(C=C7[N+]8=C([C@H](C7(C)C)CCC(N)=O)C(C)=C2N3[Co-3]568([N+]2=CN([C@H]3O[C@@H]([C@@H](OP(O[C@@H](CN1)C)([O-])=O)[C@H]3O)CO)C1=CC(C)=C(C=C21)C)C)[C@H]([C@@]4(CC(N)=O)C)CCC(N)=O)C)[H])C)=O
Doravirine,CN1C(=O)NN=C1CN1C=CC(=C(OC2=CC(=CC(Cl)=C2)C#N)C1=O)C(F)(F)F
Creatine,CN(CC(O)=O)C(N)=N
Amcinonide,[H][C@@]12C[C@H]3OC4(CCCC4)O[C@@]3(C(=O)COC(C)=O)[C@@]1(C)C[C@H](O)[C@@]1(F)[C@@]2([H])CCC2=CC(=O)C=C[C@]12C
Ursodeoxycholic acid,[H][C@@]1(CC[C@@]2([H])[C@]3([H])[C@@H](O)C[C@]4([H])C[C@H](O)CC[C@]4(C)[C@@]3([H])CC[C@]12C)[C@H](C)CCC(O)=O
Lipoic acid,OC(=O)CCCC[C@@H]1CCSS1
Cyanocobalamin,C[C@H](CNC(=O)CC[C@]1(C)[C@@H](CC(N)=O)[C@H]2N=C1\C(C)=C1/N=C(/C=C3\N=C(\C(\C)=C4\[C@@H](CCC(N)=O)[C@](C)(CC(N)=O)[C@@]2(C)N4[Co+]C#N)[C@@](C)(CC(N)=O)[C@@H]3CCC(N)=O)C(C)(C)[C@@H]1CCC(N)=O)OP([O-])(=O)O[C@@H]1[C@@H](CO)O[C@@H]([C@@H]1O)N1C=NC2=C1C=C(C)C(C)=C2
Methionine,CSCC[C@H](N)C(O)=O
Zinc chloride,[Cl-].[Cl-].[Zn++]
Pyridoxine,CC1=C(O)C(CO)=C(CO)C=N1
Docusate,CCCCC(CC)COC(=O)CC(C(=O)OCC(CC)CCCC)S(O)(=O)=O
Benzylpenicillin,[H][C@]12SC(C)(C)[C@@H](N1C(=O)[C@H]2NC(=O)CC1=CC=CC=C1)C(O)=O
Tegaserod,CCCCCNC(=N)N\N=C\C1=CNC2=C1C=C(OC)C=C2
Acetylcysteine,CC(=O)N[C@@H](CS)C(O)=O
Abacavir,NC1=NC2=C(N=CN2[C@@H]2C[C@H](CO)C=C2)C(NC2CC2)=N1
Varenicline,C1C2CNCC1C1=C2C=C2N=CC=NC2=C1
Tranexamic acid,NC[C@H]1CC[C@@H](CC1)C(O)=O
Daptomycin,CCCCCCCCCC(=O)N[C@@H](CC1=CNC2=C1C=CC=C2)C(=O)N[C@H](CC(N)=O)C(=O)N[C@@H](CC(O)=O)C(=O)N[C@H]1[C@@H](C)OC(=O)[C@H](CC(=O)C2=CC=CC=C2N)NC(=O)[C@@H](NC(=O)[C@@H](CO)NC(=O)CNC(=O)[C@H](CC(O)=O)NC(=O)[C@@H](C)NC(=O)[C@H](CC(O)=O)NC(=O)[C@H](CCCN)NC(=O)CNC1=O)[C@H](C)CC(O)=O
Procaine,CCN(CC)CCOC(=O)C1=CC=C(N)C=C1
"Sodium phosphate, monobasic",[Na+].OP(O)([O-])=O
Nalmefene,OC1=CC=C2C[C@H]3N(CC4CC4)CC[C@@]45[C@@H](OC1=C24)C(=C)CC[C@@]35O
Aminocaproic acid,NCCCCCC(O)=O
Yohimbine,[H][C@@]12CC[C@H](O)[C@H](C(=O)OC)[C@@]1([H])C[C@]1([H])N(CCC3=C1NC1=CC=CC=C31)C2
Lutein,C\C(\C=C\C=C(/C)\C=C\[C@H]1C(C)=C[C@H](O)CC1(C)C)=C/C=C/C=C(\C)/C=C/C=C(\C)/C=C/C1=C(C)C[C@@H](O)CC1(C)C
Beta carotene,C\C(\C=C\C=C(/C)\C=C\C1=C(C)CCCC1(C)C)=C/C=C/C=C(\C)/C=C/C=C(\C)/C=C/C1=C(C)CCCC1(C)C
Ezetimibe,[H][C@]1(CC[C@H](O)C2=CC=C(F)C=C2)C(=O)N(C2=CC=C(F)C=C2)[C@]1([H])C1=CC=C(O)C=C1
Melphalan flufenamide,CCOC(=O)[C@H](CC1=CC=C(F)C=C1)NC(=O)[C@@H](N)CC1=CC=C(C=C1)N(CCCl)CCCl
Vitamin A,C\C(=C/CO)\C=C\C=C(/C)\C=C\C1=C(C)CCCC1(C)C
Dienogest,[H][C@@]12CC[C@@](O)(CC#N)[C@@]1(C)CCC1=C3CCC(=O)C=C3CC[C@@]21[H]
Dehydrocholic acid,[H][C@@]1(CC[C@@]2([H])[C@]3([H])C(=O)C[C@]4([H])CC(=O)CC[C@]4(C)[C@@]3([H])CC(=O)[C@]12C)[C@H](C)CCC(O)=O
Naratriptan,CNS(=O)(=O)CCC1=CC2=C(NC=C2C2CCN(C)CC2)C=C1
Carbenicillin,[H][C@]12SC(C)(C)[C@@H](N1C(=O)[C@H]2NC(=O)C(C(O)=O)C1=CC=CC=C1)C(O)=O
Fosfomycin,C[C@@H]1O[C@@H]1P(O)(O)=O
Levomefolic acid,CN1[C@@H](CNC2=CC=C(C=C2)C(=O)N[C@@H](CCC(O)=O)C(O)=O)CNC2=C1C(=O)N=C(N)N2
Rimantadine,CC(N)C12CC3CC(CC(C3)C1)C2
Nifurtimox,CC1CS(=O)(=O)CCN1\N=C\C1=CC=C(O1)[N+]([O-])=O
Pyrazinamide,NC(=O)C1=NC=CN=C1
Aminolevulinic acid,NCC(=O)CCC(O)=O
Sodium oxybate,[Na+].OCCCC([O-])=O
Etelcalcetide,C[C@@H](NC(=O)[C@@H](CCCNC(N)=N)NC(=O)[C@@H](CCCNC(N)=N)NC(=O)[C@@H](CCCNC(N)=N)NC(=O)[C@@H](C)NC(=O)[C@@H](CSSC[C@H](N)C(O)=O)NC(C)=O)C(=O)N[C@H](CCCNC(N)=N)C(N)=O
Methacholine,CC(C[N+](C)(C)C)OC(C)=O
Fomepizole,CC1=CNN=C1
Dimercaprol,OCC(S)CS
Sumatriptan,CNS(=O)(=O)CC1=CC=C2NC=C(CCN(C)C)C2=C1
Prilocaine,CCCNC(C)C(=O)NC1=CC=CC=C1C
Gallium nitrate,[Ga+3].[O-][N+]([O-])=O.[O-][N+]([O-])=O.[O-][N+]([O-])=O
Cycloserine,N[C@@H]1CONC1=O
Cefiderocol,[H][C@]12SCC(C[N+]3(CCNC(=O)C4=C(Cl)C(O)=C(O)C=C4)CCCC3)=C(N1C(=O)[C@H]2NC(=O)C(=N/OC(C)(C)C(O)=O)\C1=CSC(N)=N1)C([O-])=O
Ferumoxytol,[O--].[O--].[O--].[O--].[Fe++].[Fe+3].[Fe+3]
Oxygen,O=O
Ribavirin,NC(=O)C1=NN(C=N1)[C@@H]1O[C@H](CO)[C@@H](O)[C@H]1O
Triheptanoin,CCCCCCC(=O)OCC(COC(=O)CCCCCC)OC(=O)CCCCCC
Edetate calcium disodium anhydrous,[Na+].[Na+].[Ca++].[O-]C(=O)CN(CCN(CC([O-])=O)CC([O-])=O)CC([O-])=O
Nitric Oxide,[N]=O
Tivozanib,COC1=C(OC)C=C2C(OC3=CC(Cl)=C(NC(=O)NC4=NOC(C)=C4)C=C3)=CC=NC2=C1
Tigecycline,[H][C@@]12CC3=C(C(O)=C(NC(=O)CNC(C)(C)C)C=C3N(C)C)C(=O)C1=C(O)[C@]1(O)C(=O)C(C(N)=O)=C(O)[C@@H](N(C)C)[C@]1([H])C2
Valrubicin,[H][C@@]1(C[C@@](O)(CC2=C(O)C3=C(C(O)=C12)C(=O)C1=C(OC)C=CC=C1C3=O)C(=O)COC(=O)CCCC)O[C@H]1C[C@H](NC(=O)C(F)(F)F)[C@H](O)[C@H](C)O1
Hexaminolevulinate,[H]N([H])CC(=O)CCC(=O)OCCCCCC
Clomifene,CCN(CC)CCOC1=CC=C(C=C1)C(=C(Cl)C1=CC=CC=C1)C1=CC=CC=C1
Clavulanic acid,[H][C@@]12CC(=O)N1[C@@H](C(O)=O)\C(O2)=C\CO
Phenazopyridine,NC1=NC(N)=C(C=C1)\N=N\C1=CC=CC=C1
Copper oxodotreotide Cu-64,[64Cu++].C[C@@H](O)[C@H](NC(=O)[C@@H]1CSSC[C@H](NC(=O)[C@@H](CC2=CC=CC=C2)NC(=O)CN2CCN(CC(O)=O)CCN(CC([O-])=O)CCN(CC([O-])=O)CC2)C(=O)N[C@@H](CC2=CC=C(O)C=C2)C(=O)N[C@H](CC2=CNC3=C2C=CC=C3)C(=O)N[C@@H](CCCCN)C(=O)N[C@@H]([C@@H](C)O)C(=O)N1)C(O)=O
Pemoline,NC1=NC(=O)C(O1)C1=CC=CC=C1
Nitrous oxide,[N-]=[N+]=O
